-- phpMyAdmin SQL Dump
-- version 4.8.5
-- https://www.phpmyadmin.net/
--
-- Host: localhost:3306
-- Generation Time: Jul 25, 2019 at 04:07 PM
-- Server version: 10.2.25-MariaDB
-- PHP Version: 7.2.7

SET SQL_MODE = "NO_AUTO_VALUE_ON_ZERO";
SET AUTOCOMMIT = 0;
START TRANSACTION;
SET time_zone = "+00:00";


/*!40101 SET @OLD_CHARACTER_SET_CLIENT=@@CHARACTER_SET_CLIENT */;
/*!40101 SET @OLD_CHARACTER_SET_RESULTS=@@CHARACTER_SET_RESULTS */;
/*!40101 SET @OLD_COLLATION_CONNECTION=@@COLLATION_CONNECTION */;
/*!40101 SET NAMES utf8mb4 */;

--
-- Database: `onemak_marketInfo`
--

-- --------------------------------------------------------

--
-- Table structure for table `markets`
--

CREATE TABLE `markets` (
  `ID` int(11) NOT NULL,
  `MarketName` varchar(100) NOT NULL,
  `District` varchar(100) NOT NULL,
  `Region` varchar(100) NOT NULL,
  `Street` varchar(100) NOT NULL,
  `Phone` varchar(100) NOT NULL,
  `Incharge` varchar(100) NOT NULL
) ENGINE=InnoDB DEFAULT CHARSET=latin1;

--
-- Dumping data for table `markets`
--

INSERT INTO `markets` (`ID`, `MarketName`, `District`, `Region`, `Street`, `Phone`, `Incharge`) VALUES
(1, 'SOKO KUU', 'Nyamagana', 'MWANZA', 'PAMBA', '0754042070', 'HAMAD NCHOLA'),
(3, 'BUHONGWA', 'NYAMAGANA', 'MWANZA', 'BUHONGWA', '0766356491', 'CHACHA ROBERT'),
(4, 'MKUYUNI', 'Nyamagana', 'MWANZA', 'MKUYUNI', '0758582904', 'SIMON MASHAMBA'),
(10, 'SABASABA', 'ILEMELA', 'MWANZA', 'SABASABA', '0756015500', 'JACKSON MKAMA'),
(12, 'BUZURUGA', 'ILEMELA', 'MWANZA', 'BUZURUGA', '0655861234', 'MAX MAHENDE'),
(16, 'KITANGIRI', 'ILEMELA', 'MWANZA', 'KITANGIRI', '0763481251', 'GRACE MLOLI'),
(20, 'KISESA', 'MAGU', 'MWANZA', 'KISESA', '0744476925', 'REVOCATUS'),
(22, 'KIRUMBA', 'ILEMELA', 'MWANZA', 'KIRUMBA SOKONI', '', 'HAMAD');

-- --------------------------------------------------------

--
-- Table structure for table `products`
--

CREATE TABLE `products` (
  `ProductID` int(11) NOT NULL,
  `ProductName` varchar(100) NOT NULL,
  `UniMeasure` varchar(100) NOT NULL,
  `Description` text NOT NULL
) ENGINE=InnoDB DEFAULT CHARSET=latin1;

--
-- Dumping data for table `products`
--

INSERT INTO `products` (`ProductID`, `ProductName`, `UniMeasure`, `Description`) VALUES
(1, 'Mahindi', 'debe', 'mazao haya yanalimwa katika ukanda wa gaza'),
(2, 'Karanga', 'Kg', 'Karanga'),
(3, 'Mchele', 'Kg', 'Mchele'),
(4, 'Viazi ulaya', 'kg', 'irish potato'),
(7, 'Viazi Vitamu', 'fungu', 'Viazi'),
(8, 'Nyanya', 'Tenga', 'nyanya'),
(9, 'Dengu', 'kg', 'Dengu'),
(12, 'Vitunguu Maji', 'kg', 'Vitunguu Maji'),
(15, 'Maharage', 'kg', 'Maharage'),
(21, 'karoti', 'kg', 'carrot'),
(22, 'pilipili hoho', 'fungu', 'hoho'),
(24, 'njugu', 'kg', 'njugu'),
(25, 'njegere', 'kg', 'njegere'),
(30, 'ngano', 'kg', 'unga wa ngano'),
(31, 'Mayai ya kuku', 'Trey', 'Mayai ya kuku wa kisasa');

-- --------------------------------------------------------

--
-- Table structure for table `product_prices_actual`
--

CREATE TABLE `product_prices_actual` (
  `ID` int(11) NOT NULL,
  `ProductID` int(11) NOT NULL,
  `minimum_value` int(11) NOT NULL,
  `maximum_value` int(11) NOT NULL,
  `steps` text NOT NULL,
  `challenges` text NOT NULL,
  `feedback` text NOT NULL,
  `PriceID` int(11) NOT NULL
) ENGINE=InnoDB DEFAULT CHARSET=latin1;

--
-- Dumping data for table `product_prices_actual`
--

INSERT INTO `product_prices_actual` (`ID`, `ProductID`, `minimum_value`, `maximum_value`, `steps`, `challenges`, `feedback`, `PriceID`) VALUES
(1, 1, 2200, 2400, 'Hakuna', 'Hakuna', 'Hakuna', 1),
(2, 2, 1200, 1600, 'Hakuna', 'Hakuna', 'Hakuna', 1),
(3, 3, 800, 900, 'Hakuna', 'Hakuna', 'Hakuna', 1),
(4, 4, 1000, 1200, 'Wananchi wana kipato kidogo', '', '', 1),
(5, 1, 2500, 2700, '', '', '', 2),
(6, 2, 3000, 3200, '', '', '', 2),
(7, 3, 1000, 1600, '', '', '', 2),
(8, 4, 5000, 5500, '', '', '', 2),
(9, 1, 2000, 2200, 'Hakuna', 'Hakuna', 'Hakuna', 3),
(10, 2, 6000, 6300, '', '', '', 3),
(11, 3, 1500, 1700, '', '', '', 3),
(12, 4, 1800, 2000, '', '', '', 3),
(13, 1, 1000, 1000, '', '', '', 4),
(14, 2, 4000, 4400, '', '', '', 4),
(15, 3, 1500, 1700, '', '', '', 4),
(16, 4, 700, 9000, '', '', '', 4),
(17, 1, 3000, 3500, '', '', '', 5),
(18, 2, 1800, 1600, '', '', '', 5),
(19, 3, 2000, 2000, '', '', '', 5),
(20, 4, 1000, 1000, '', '', '', 5),
(21, 1, 1000, 1200, '', '', '', 7),
(22, 2, 2200, 2500, '', '', '', 7),
(23, 3, 1200, 1500, '', '', '', 7),
(24, 4, 1000, 1100, '', '', '', 7),
(25, 1, 2500, 2000, '', '', '', 8),
(26, 2, 2800, 2500, '', '', '', 8),
(27, 3, 2200, 2000, '', '', '', 8),
(28, 4, 1500, 1200, '', '', '', 8),
(29, 1, 1000, 1200, '', '', '', 6),
(30, 2, 1200, 1500, '', '', '', 6),
(31, 3, 1200, 1500, '', '', '', 6),
(32, 4, 900, 1100, '', '', '', 6),
(33, 5, 500, 700, '', '', '', 6),
(34, 1, 2000, 2200, '', '', '', 9),
(35, 2, 1200, 1500, '', '', '', 9),
(36, 3, 1000, 1500, '', '', '', 9),
(37, 4, 1000, 6000, '', '', '', 9),
(38, 5, 500, 700, '', '', '', 9),
(39, 5, 3000, 3500, '', '', '', 8),
(40, 6, 3000, 3500, '', '', '', 8),
(41, 7, 1000, 1000, '', '', '', 8),
(42, 8, 20000, 20000, '', '', '', 8),
(43, 9, 2100, 2200, '', '', '', 8),
(44, 10, 1500, 1500, '', '', '', 8),
(45, 11, 2000, 2000, '', '', '', 8),
(46, 12, 3000, 3000, '', '', '', 8),
(47, 13, 3000, 3000, '', '', '', 8),
(48, 14, 2500, 2800, '', '', '', 8),
(49, 15, 2200, 2400, '', '', '', 8),
(50, 5, 3000, 3500, '', '', '', 4),
(51, 6, 3000, 3500, '', '', '', 4),
(52, 7, 1000, 1000, '', '', '', 4),
(53, 8, 35000, 40000, '', '', '', 4),
(54, 9, 2100, 2200, '', '', '', 4),
(55, 10, 1500, 2000, '', '', '', 4),
(56, 11, 1500, 2000, '', '', '', 4),
(57, 12, 1500, 2000, '', '', '', 4),
(58, 13, 3000, 3000, '', '', '', 4),
(59, 14, 2500, 2800, '', '', '', 4),
(60, 15, 2000, 2000, '', '', '', 4),
(61, 1, 3000, 3500, '', '', '', 11),
(62, 2, 1800, 1600, '', '', '', 11),
(63, 3, 2000, 2000, '', '', '', 11),
(64, 4, 1000, 1000, '', '', '', 11),
(65, 5, 3000, 3500, '', '', '', 11),
(66, 6, 3000, 3500, '', '', '', 11),
(67, 7, 1000, 1000, '', '', '', 11),
(68, 8, 20000, 20000, '', '', '', 11),
(69, 9, 2100, 2200, '', '', '', 11),
(70, 10, 1500, 1500, '', '', '', 11),
(71, 11, 2000, 2000, '', '', '', 11),
(72, 12, 3000, 3000, '', '', '', 11),
(73, 13, 3000, 3000, '', '', '', 11),
(74, 14, 2500, 2800, '', '', '', 11),
(75, 15, 2200, 2400, '', '', '', 11),
(76, 17, 0, 0, '', '', '', 4),
(77, 18, 0, 0, '', '', '', 4),
(78, 19, 0, 0, '', '', '', 4),
(79, 20, 0, 0, '', '', '', 4),
(80, 1, 1000, 1000, '', '', '', 13),
(81, 2, 0, 0, '', '', '', 13),
(82, 3, 1500, 1700, '', '', '', 13),
(83, 4, 700, 900, '', '', '', 13),
(84, 5, 0, 0, '', '', '', 13),
(85, 6, 0, 0, '', '', '', 13),
(86, 7, 0, 0, '', '', '', 13),
(87, 8, 35000, 40000, '', '', '', 13),
(88, 9, 0, 0, '', '', '', 13),
(89, 10, 1500, 2000, '', '', '', 13),
(90, 11, 1500, 2000, '', '', '', 13),
(91, 12, 1500, 2000, '', '', '', 13),
(92, 13, 0, 0, '', '', '', 13),
(93, 14, 0, 0, '', '', '', 13),
(94, 15, 2000, 2000, '', '', '', 13),
(95, 17, 0, 0, '', '', '', 13),
(96, 18, 0, 0, '', '', '', 13),
(97, 19, 0, 0, '', '', '', 13),
(98, 20, 0, 0, '', '', '', 13),
(99, 1, 0, 0, '', '', '', 14),
(100, 2, 0, 0, '', '', '', 14),
(101, 3, 0, 0, '', '', '', 14),
(102, 4, 0, 0, '', '', '', 14),
(103, 5, 0, 0, '', '', '', 14),
(104, 6, 0, 0, '', '', '', 14),
(105, 7, 0, 0, '', '', '', 14),
(106, 8, 0, 0, '', '', '', 14),
(107, 9, 0, 0, '', '', '', 14),
(108, 10, 0, 0, '', '', '', 14),
(109, 11, 0, 0, '', '', '', 14),
(110, 12, 0, 0, '', '', '', 14),
(111, 13, 0, 0, '', '', '', 14),
(112, 14, 0, 0, '', '', '', 14),
(113, 15, 0, 0, '', '', '', 14),
(114, 17, 0, 0, '', '', '', 14),
(115, 18, 0, 0, '', '', '', 14),
(116, 19, 0, 0, '', '', '', 14),
(117, 20, 0, 0, '', '', '', 14),
(118, 1, 0, 0, '', '', '', 15),
(119, 2, 0, 0, '', '', '', 15),
(120, 3, 0, 0, '', '', '', 15),
(121, 4, 0, 0, '', '', '', 15),
(122, 5, 0, 0, '', '', '', 15),
(123, 6, 0, 0, '', '', '', 15),
(124, 7, 0, 0, '', '', '', 15),
(125, 8, 0, 0, '', '', '', 15),
(126, 9, 0, 0, '', '', '', 15),
(127, 10, 0, 0, '', '', '', 15),
(128, 11, 0, 0, '', '', '', 15),
(129, 12, 0, 0, '', '', '', 15),
(130, 13, 0, 0, '', '', '', 15),
(131, 14, 0, 0, '', '', '', 15),
(132, 15, 0, 0, '', '', '', 15),
(133, 17, 0, 0, '', '', '', 15),
(134, 18, 0, 0, '', '', '', 15),
(135, 19, 0, 0, '', '', '', 15),
(136, 20, 0, 0, '', '', '', 15),
(137, 1, 0, 0, '', '', '', 16),
(138, 2, 0, 0, '', '', '', 16),
(139, 3, 0, 0, '', '', '', 16),
(140, 4, 0, 0, '', '', '', 16),
(141, 5, 0, 0, '', '', '', 16),
(142, 6, 0, 0, '', '', '', 16),
(143, 7, 0, 0, '', '', '', 16),
(144, 8, 0, 0, '', '', '', 16),
(145, 9, 0, 0, '', '', '', 16),
(146, 10, 0, 0, '', '', '', 16),
(147, 11, 0, 0, '', '', '', 16),
(148, 12, 0, 0, '', '', '', 16),
(149, 13, 0, 0, '', '', '', 16),
(150, 14, 0, 0, '', '', '', 16),
(151, 15, 0, 0, '', '', '', 16),
(152, 17, 0, 0, '', '', '', 16),
(153, 18, 0, 0, '', '', '', 16),
(154, 19, 0, 0, '', '', '', 16),
(155, 20, 0, 0, '', '', '', 16),
(156, 1, 1000, 0, '', '', '', 18),
(157, 2, 0, 0, '', '', '', 18),
(158, 3, 1500, 1700, '', '', '', 18),
(159, 4, 700, 900, '', '', '', 18),
(160, 5, 0, 0, '', '', '', 18),
(161, 6, 0, 0, '', '', '', 18),
(162, 7, 1000, 2000, '', '', '', 18),
(163, 8, 35000, 40000, '', '', '', 18),
(164, 9, 0, 0, '', '', '', 18),
(165, 10, 0, 0, '', '', '', 18),
(166, 11, 0, 0, '', '', '', 18),
(167, 12, 1500, 2000, '', '', '', 18),
(168, 13, 0, 0, '', '', '', 18),
(169, 14, 0, 0, '', '', '', 18),
(170, 15, 2000, 0, '', '', '', 18),
(171, 17, 0, 0, '', '', '', 18),
(172, 18, 0, 0, '', '', '', 18),
(173, 19, 0, 0, '', '', '', 18),
(174, 20, 0, 0, '', '', '', 18),
(175, 1, 10000, 10000, '', '', '', 19),
(176, 2, 0, 0, '', '', '', 19),
(177, 3, 1500, 1700, '', '', '', 19),
(178, 4, 700, 900, '', '', '', 19),
(179, 5, 0, 0, '', '', '', 19),
(180, 6, 0, 0, '', '', '', 19),
(181, 7, 1000, 2000, '', '', '', 19),
(182, 8, 35000, 40000, '', '', '', 19),
(183, 9, 0, 0, '', '', '', 19),
(184, 10, 0, 0, '', '', '', 19),
(185, 11, 0, 0, '', '', '', 19),
(186, 12, 1500, 2000, '', '', '', 19),
(187, 13, 0, 0, '', '', '', 19),
(188, 14, 0, 0, '', '', '', 19),
(189, 15, 2000, 0, '', '', '', 19),
(190, 17, 0, 0, '', '', '', 19),
(191, 18, 0, 0, '', '', '', 19),
(192, 19, 0, 0, '', '', '', 19),
(193, 20, 0, 0, '', '', '', 19),
(194, 1, 0, 0, '', '', '', 20),
(195, 2, 2000, 0, '', '', '', 20),
(196, 3, 1500, 2000, '', '', '', 20),
(197, 4, 0, 0, '', '', '', 20),
(198, 5, 0, 0, '', '', '', 20),
(199, 6, 0, 0, '', '', '', 20),
(200, 7, 1000, 2000, '', '', '', 20),
(201, 8, 35000, 40000, '', '', '', 20),
(202, 9, 4000, 0, '', '', '', 20),
(203, 10, 0, 0, '', '', '', 20),
(204, 11, 0, 0, '', '', '', 20),
(205, 12, 2000, 0, '', '', '', 20),
(206, 13, 0, 0, '', '', '', 20),
(207, 14, 0, 0, '', '', '', 20),
(208, 15, 1800, 2000, '', '', '', 20),
(209, 17, 0, 0, '', '', '', 20),
(210, 18, 0, 0, '', '', '', 20),
(211, 19, 0, 0, '', '', '', 20),
(212, 20, 0, 0, '', '', '', 20),
(213, 1, 2000, 0, '', '', '', 21),
(214, 2, 2000, 0, '', '', '', 21),
(215, 3, 1400, 0, '', '', '', 21),
(216, 4, 800, 1000, '', '', '', 21),
(217, 5, 0, 0, '', '', '', 21),
(218, 6, 0, 0, '', '', '', 21),
(219, 7, 500, 1000, '', '', '', 21),
(220, 8, 10000, 30000, '', '', '', 21),
(221, 9, 0, 0, '', '', '', 21),
(222, 10, 0, 0, '', '', '', 21),
(223, 11, 0, 0, '', '', '', 21),
(224, 12, 2000, 3000, '', '', '', 21),
(225, 13, 0, 0, '', '', '', 21),
(226, 14, 0, 0, '', '', '', 21),
(227, 15, 2000, 0, '', '', '', 21),
(228, 17, 0, 0, '', '', '', 21),
(229, 18, 0, 0, '', '', '', 21),
(230, 19, 0, 0, '', '', '', 21),
(231, 20, 0, 0, '', '', '', 21),
(232, 1, 480, 480, '', '', '', 22),
(233, 2, 1600, 1600, '', '', '', 22),
(234, 3, 1500, 1500, '', '', '', 22),
(235, 4, 750, 750, '', '', '', 22),
(236, 7, 0, 0, '', '', '', 22),
(237, 8, 0, 0, '', '', '', 22),
(238, 9, 3000, 3000, '', '', '', 22),
(239, 12, 0, 0, '', '', '', 22),
(240, 15, 0, 0, '', '', '', 22),
(241, 21, 1300, 1300, '', '', '', 22),
(242, 22, 600, 600, '', '', '', 22),
(243, 23, 1000, 1000, '', '', '', 22),
(244, 24, 1300, 1300, '', '', '', 22),
(245, 25, 1600, 1600, '', '', '', 22),
(246, 26, 1100, 1100, '', '', '', 22),
(247, 1, 0, 0, '', '', '', 23),
(248, 2, 0, 0, '', '', '', 23),
(249, 3, 1300, 1300, '', '', '', 23),
(250, 4, 800, 800, '', '', '', 23),
(251, 7, 0, 0, '', '', '', 23),
(252, 8, 35000, 40000, '', '', '', 23),
(253, 9, 3000, 3000, '', '', '', 23),
(254, 12, 0, 0, '', '', '', 23),
(255, 15, 1700, 1700, '', '', '', 23),
(256, 21, 0, 0, '', '', '', 23),
(257, 22, 0, 0, '', '', '', 23),
(258, 23, 1000, 1000, '', '', '', 23),
(259, 24, 0, 0, '', '', '', 23),
(260, 25, 0, 0, '', '', '', 23),
(261, 26, 1700, 1700, '', '', '', 23),
(262, 1, 530, 530, '', '', '', 24),
(263, 2, 0, 0, '', '', '', 24),
(264, 3, 1600, 1600, '', '', '', 24),
(265, 4, 0, 0, '', '', '', 24),
(266, 7, 1000, 2000, '', '', '', 24),
(267, 8, 35000, 45000, '', '', '', 24),
(268, 9, 0, 0, '', '', '', 24),
(269, 12, 2000, 2500, '', '', '', 24),
(270, 15, 1700, 2000, '', '', '', 24),
(271, 21, 0, 0, '', '', '', 24),
(272, 22, 0, 0, '', '', '', 24),
(273, 23, 0, 0, '', '', '', 24),
(274, 24, 0, 0, '', '', '', 24),
(275, 25, 0, 0, '', '', '', 24),
(276, 26, 0, 0, '', '', '', 24),
(277, 1, 0, 0, '', '', '', 25),
(278, 2, 1800, 0, '', '', '', 25),
(279, 3, 1300, 0, '', '', '', 25),
(280, 4, 0, 0, '', '', '', 25),
(281, 7, 0, 0, '', '', '', 25),
(282, 8, 20000, 0, '', '', '', 25),
(283, 9, 0, 0, '', '', '', 25),
(284, 12, 1300, 0, '', '', '', 25),
(285, 15, 0, 0, '', '', '', 25),
(286, 21, 0, 0, '', '', '', 25),
(287, 22, 0, 0, '', '', '', 25),
(288, 23, 0, 0, '', '', '', 25),
(289, 24, 0, 0, '', '', '', 25),
(290, 25, 0, 0, '', '', '', 25),
(291, 26, 0, 0, '', '', '', 25),
(292, 1, 0, 0, '', '', '', 26),
(293, 2, 1800, 0, '', '', '', 26),
(294, 3, 1300, 0, '', '', '', 26),
(295, 4, 0, 0, '', '', '', 26),
(296, 7, 0, 0, '', '', '', 26),
(297, 8, 20000, 0, '', '', '', 26),
(298, 9, 0, 0, '', '', '', 26),
(299, 12, 1300, 0, '', '', '', 26),
(300, 15, 0, 0, '', '', '', 26),
(301, 21, 0, 0, '', '', '', 26),
(302, 22, 0, 0, '', '', '', 26),
(303, 23, 0, 0, '', '', '', 26),
(304, 24, 0, 0, '', '', '', 26),
(305, 25, 0, 0, '', '', '', 26),
(306, 26, 0, 0, '', '', '', 26),
(307, 27, 0, 0, '', '', '', 26),
(308, 1, 0, 0, '', '', '', 27),
(309, 2, 2000, 0, '', '', '', 27),
(310, 3, 1500, 0, '', '', '', 27),
(311, 4, 800, 0, '', '', '', 27),
(312, 7, 1000, 2000, '', '', '', 27),
(313, 8, 0, 0, '', '', '', 27),
(314, 9, 2800, 0, '', '', '', 27),
(315, 12, 0, 0, '', '', '', 27),
(316, 15, 2000, 0, '', '', '', 27),
(317, 21, 100, 200, '', '', '', 27),
(318, 22, 100, 200, '', '', '', 27),
(319, 23, 0, 0, '', '', '', 27),
(320, 24, 2000, 0, '', '', '', 27),
(321, 25, 2000, 0, '', '', '', 27),
(322, 26, 0, 0, '', '', '', 27),
(323, 27, 0, 0, '', '', '', 27),
(324, 1, 800, 0, '', '', '', 28),
(325, 2, 2000, 0, '', '', '', 28),
(326, 3, 1500, 0, '', '', '', 28),
(327, 4, 900, 0, '', '', '', 28),
(328, 7, 1000, 0, '', '', '', 28),
(329, 8, 0, 0, '', '', '', 28),
(330, 9, 2000, 0, '', '', '', 28),
(331, 12, 2000, 0, '', '', '', 28),
(332, 15, 1800, 0, '', '', '', 28),
(333, 21, 1500, 0, '', '', '', 28),
(334, 22, 100, 0, '', '', '', 28),
(335, 23, 2000, 0, '', '', '', 28),
(336, 24, 2500, 0, '', '', '', 28),
(337, 25, 2000, 0, '', '', '', 28),
(338, 26, 1800, 0, '', '', '', 28),
(339, 27, 0, 0, '', '', '', 28),
(340, 1, 0, 0, '', '', '', 29),
(341, 2, 2000, 2000, '', '', '', 29),
(342, 3, 1500, 1800, '', '', '', 29),
(343, 4, 800, 1000, '', '', '', 29),
(344, 7, 0, 0, '', '', '', 29),
(345, 8, 35000, 40000, '', '', '', 29),
(346, 9, 4000, 0, '', '', '', 29),
(347, 12, 2000, 0, '', '', '', 29),
(348, 15, 1800, 2000, '', '', '', 29),
(349, 21, 500, 1000, '', '', '', 29),
(350, 22, 0, 0, '', '', '', 29),
(351, 23, 0, 0, '', '', '', 29),
(352, 24, 3000, 0, '', '', '', 29),
(353, 25, 3000, 0, '', '', '', 29),
(354, 26, 2000, 0, '', '', '', 29),
(355, 27, 0, 0, '', '', '', 29),
(356, 1, 0, 0, '', '', '', 30),
(357, 2, 2000, 0, '', '', '', 30),
(358, 3, 1500, 1800, '', '', '', 30),
(359, 4, 800, 1000, '', '', '', 30),
(360, 7, 0, 0, '', '', '', 30),
(361, 8, 35000, 40000, '', '', '', 30),
(362, 9, 4000, 0, '', '', '', 30),
(363, 12, 0, 0, '', '', '', 30),
(364, 15, 1800, 2000, '', '', '', 30),
(365, 21, 2000, 2000, '', '', '', 30),
(366, 22, 0, 0, '', '', '', 30),
(367, 23, 0, 0, '', '', '', 30),
(368, 24, 3000, 0, '', '', '', 30),
(369, 25, 3000, 0, '', '', '', 30),
(370, 26, 2000, 0, '', '', '', 30),
(371, 27, 0, 0, '', '', '', 30),
(372, 1, 2000, 0, '', '', '', 31),
(373, 2, 1000, 0, '', '', '', 31),
(374, 3, 1300, 0, '', '', '', 31),
(375, 4, 1000, 0, '', '', '', 31),
(376, 7, 0, 0, '', '', '', 31),
(377, 8, 29000, 0, '', '', '', 31),
(378, 9, 0, 0, '', '', '', 31),
(379, 12, 1500, 0, '', '', '', 31),
(380, 15, 1800, 0, '', '', '', 31),
(381, 21, 1800, 0, '', '', '', 31),
(382, 22, 500, 0, '', '', '', 31),
(383, 23, 1800, 0, '', '', '', 31),
(384, 24, 2800, 0, '', '', '', 31),
(385, 25, 2800, 0, '', '', '', 31),
(386, 26, 1200, 0, '', '', '', 31),
(387, 27, 0, 0, '', '', '', 31),
(388, 1, 1000, 0, '', '', '', 32),
(389, 2, 2000, 0, '', '', '', 32),
(390, 3, 1300, 0, '', '', '', 32),
(391, 4, 1000, 0, '', '', '', 32),
(392, 7, 0, 0, '', '', '', 32),
(393, 8, 30000, 0, '', '', '', 32),
(394, 9, 0, 0, '', '', '', 32),
(395, 12, 1500, 0, '', '', '', 32),
(396, 15, 1800, 0, '', '', '', 32),
(397, 21, 2000, 0, '', '', '', 32),
(398, 22, 500, 0, '', '', '', 32),
(399, 23, 2000, 0, '', '', '', 32),
(400, 24, 2800, 0, '', '', '', 32),
(401, 25, 0, 0, '', '', '', 32),
(402, 26, 1200, 0, '', '', '', 32),
(403, 27, 0, 0, '', '', '', 32),
(404, 1, 1000, 0, '', '', '', 33),
(405, 2, 2000, 0, '', '', '', 33),
(406, 3, 1500, 0, '', '', '', 33),
(407, 4, 800, 0, '', '', '', 33),
(408, 7, 0, 0, '', '', '', 33),
(409, 8, 45000, 0, '', '', '', 33),
(410, 9, 2500, 0, '', '', '', 33),
(411, 12, 2000, 0, '', '', '', 33),
(412, 15, 2000, 0, '', '', '', 33),
(413, 21, 1500, 0, '', '', '', 33),
(414, 22, 500, 0, '', '', '', 33),
(415, 23, 2000, 3000, '', '', '', 33),
(416, 24, 3000, 0, '', '', '', 33),
(417, 25, 6000, 0, '', '', '', 33),
(418, 26, 2000, 0, '', '', '', 33),
(419, 1, 1000, 0, '', '', '', 34),
(420, 2, 2000, 0, '', '', '', 34),
(421, 3, 1200, 1300, '', '', '', 34),
(422, 4, 800, 0, '', '', '', 34),
(423, 7, 1000, 2000, '', '', '', 34),
(424, 8, 25000, 30000, '', '', '', 34),
(425, 9, 4000, 0, '', '', '', 34),
(426, 12, 1000, 1500, '', '', '', 34),
(427, 15, 1700, 0, '', '', '', 34),
(428, 21, 1800, 2000, '', '', '', 34),
(429, 22, 200, 500, '', '', '', 34),
(430, 23, 2000, 0, '', '', '', 34),
(431, 24, 1600, 0, '', '', '', 34),
(432, 25, 0, 0, '', '', '', 34),
(433, 26, 2000, 0, '', '', '', 34),
(434, 1, 800, 0, '', '', '', 35),
(435, 2, 2000, 0, '', '', '', 35),
(436, 3, 1300, 0, '', '', '', 35),
(437, 4, 800, 0, '', '', '', 35),
(438, 7, 1000, 0, '', '', '', 35),
(439, 8, 0, 0, '', '', '', 35),
(440, 9, 5000, 0, '', '', '', 35),
(441, 12, 1500, 0, '', '', '', 35),
(442, 15, 1800, 0, '', '', '', 35),
(443, 21, 2000, 0, '', '', '', 35),
(444, 22, 500, 0, '', '', '', 35),
(445, 23, 2000, 0, '', '', '', 35),
(446, 24, 3000, 0, '', '', '', 35),
(447, 25, 0, 0, '', '', '', 35),
(448, 26, 1700, 0, '', '', '', 35),
(449, 1, 9200, 0, '', '', '', 36),
(450, 2, 2000, 0, '', '', '', 36),
(451, 3, 1600, 0, '', '', '', 36),
(452, 4, 700, 0, '', '', '', 36),
(453, 7, 1000, 2000, '', '', '', 36),
(454, 8, 0, 0, '', '', '', 36),
(455, 9, 3500, 0, '', '', '', 36),
(456, 12, 1500, 2000, '', '', '', 36),
(457, 15, 1700, 0, '', '', '', 36),
(458, 21, 2000, 0, '', '', '', 36),
(459, 22, 500, 0, '', '', '', 36),
(460, 23, 2000, 0, '', '', '', 36),
(461, 24, 1600, 0, '', '', '', 36),
(462, 25, 6000, 0, '', '', '', 36),
(463, 26, 1500, 0, '', '', '', 36),
(464, 1, 8000, 8000, '', '', '', 37),
(465, 2, 2000, 2000, '', '', '', 37),
(466, 3, 1300, 1700, '', '', '', 37),
(467, 4, 800, 1000, '', '', '', 37),
(468, 7, 500, 1000, '', '', '', 37),
(469, 8, 25000, 30000, '', '', '', 37),
(470, 9, 3000, 3000, '', '', '', 37),
(471, 12, 1000, 1000, '', '', '', 37),
(472, 15, 1800, 1800, '', '', '', 37),
(473, 21, 1600, 1600, '', '', '', 37),
(474, 22, 500, 500, '', '', '', 37),
(475, 23, 1000, 1000, '', '', '', 37),
(476, 24, 2000, 2000, '', '', '', 37),
(477, 25, 0, 0, '', '', '', 37),
(478, 26, 1500, 1500, '', '', '', 37),
(479, 1, 1000, 1000, '', '', '', 38),
(480, 2, 2000, 2000, '', '', '', 38),
(481, 3, 1300, 1400, '', '', '', 38),
(482, 4, 1000, 1000, '', '', '', 38),
(483, 7, 1000, 2000, '', '', '', 38),
(484, 8, 35000, 36000, '', '', '', 38),
(485, 9, 3500, 3500, '', '', '', 38),
(486, 12, 2500, 2500, '', '', '', 38),
(487, 15, 1800, 1800, '', '', '', 38),
(488, 21, 2500, 2500, '', '', '', 38),
(489, 22, 500, 1000, '', '', '', 38),
(490, 23, 2000, 2000, '', '', '', 38),
(491, 24, 2000, 2000, '', '', '', 38),
(492, 25, 8000, 9000, '', '', '', 38),
(493, 26, 1300, 1300, '', '', '', 38),
(494, 1, 1000, 1000, '', '', '', 39),
(495, 2, 2000, 2000, '', '', '', 39),
(496, 3, 1300, 1400, '', '', '', 39),
(497, 4, 1000, 1000, '', '', '', 39),
(498, 7, 1000, 2000, '', '', '', 39),
(499, 8, 35000, 36000, '', '', '', 39),
(500, 9, 3500, 3500, '', '', '', 39),
(501, 12, 2500, 2500, '', '', '', 39),
(502, 15, 1800, 1800, '', '', '', 39),
(503, 21, 2500, 2500, '', '', '', 39),
(504, 22, 500, 1000, '', '', '', 39),
(505, 23, 2000, 2000, '', '', '', 39),
(506, 24, 2000, 2000, '', '', '', 39),
(507, 25, 8000, 9000, '', '', '', 39),
(508, 26, 1300, 1300, '', '', '', 39),
(509, 1, 1000, 1000, '', '', '', 40),
(510, 2, 2000, 2000, '', '', '', 40),
(511, 3, 1300, 1400, '', '', '', 40),
(512, 4, 1000, 1000, '', '', '', 40),
(513, 7, 1000, 2000, '', '', '', 40),
(514, 8, 35000, 36000, '', '', '', 40),
(515, 9, 3500, 3500, '', '', '', 40),
(516, 12, 2500, 2500, '', '', '', 40),
(517, 15, 1800, 1800, '', '', '', 40),
(518, 21, 2500, 2500, '', '', '', 40),
(519, 22, 500, 1000, '', '', '', 40),
(520, 23, 2000, 2000, '', '', '', 40),
(521, 24, 2000, 2000, '', '', '', 40),
(522, 25, 8000, 9000, '', '', '', 40),
(523, 26, 1300, 1300, '', '', '', 40),
(524, 1, 10000, 10000, '', '', '', 41),
(525, 2, 2000, 2000, '', '', '', 41),
(526, 3, 1500, 1500, '', '', '', 41),
(527, 4, 1000, 1000, '', '', '', 41),
(528, 7, 1000, 1000, '', '', '', 41),
(529, 8, 10000, 10000, '', '', '', 41),
(530, 9, 0, 0, '', '', '', 41),
(531, 12, 2000, 2000, '', '', '', 41),
(532, 15, 1600, 1600, '', '', '', 41),
(533, 21, 2000, 2000, '', '', '', 41),
(534, 22, 500, 500, '', '', '', 41),
(535, 23, 1500, 1500, '', '', '', 41),
(536, 24, 2500, 2500, '', '', '', 41),
(537, 25, 0, 0, '', '', '', 41),
(538, 26, 2000, 2000, '', '', '', 41),
(539, 1, 0, 0, '', '', '', 42),
(540, 2, 2000, 2000, '', '', '', 42),
(541, 3, 1300, 1800, '', '', '', 42),
(542, 4, 800, 1000, '', '', '', 42),
(543, 7, 0, 0, '', '', '', 42),
(544, 8, 0, 0, '', '', '', 42),
(545, 9, 4000, 4000, '', '', '', 42),
(546, 12, 2000, 2000, '', '', '', 42),
(547, 15, 1800, 2000, '', '', '', 42),
(548, 21, 0, 0, '', '', '', 42),
(549, 22, 0, 0, '', '', '', 42),
(550, 23, 0, 0, '', '', '', 42),
(551, 24, 3000, 3000, '', '', '', 42),
(552, 25, 3000, 3000, '', '', '', 42),
(553, 26, 2000, 2000, '', '', '', 42),
(554, 1, 8000, 0, '', '', '', 43),
(555, 2, 2000, 0, '', '', '', 43),
(556, 3, 1500, 0, '', '', '', 43),
(557, 4, 800, 0, '', '', '', 43),
(558, 7, 1000, 0, '', '', '', 43),
(559, 8, 45000, 0, '', '', '', 43),
(560, 9, 4000, 0, '', '', '', 43),
(561, 12, 2000, 0, '', '', '', 43),
(562, 15, 2000, 0, '', '', '', 43),
(563, 21, 1500, 0, '', '', '', 43),
(564, 22, 500, 0, '', '', '', 43),
(565, 23, 2000, 3000, '', '', '', 43),
(566, 24, 3000, 0, '', '', '', 43),
(567, 25, 3000, 0, '', '', '', 43),
(568, 26, 2000, 0, '', '', '', 43),
(569, 1, 10000, 0, '', '', '', 44),
(570, 2, 2000, 0, '', '', '', 44),
(571, 3, 1500, 0, '', '', '', 44),
(572, 4, 800, 0, '', '', '', 44),
(573, 7, 1000, 2000, '', '', '', 44),
(574, 8, 40000, 45000, '', '', '', 44),
(575, 9, 2800, 0, '', '', '', 44),
(576, 12, 0, 0, '', '', '', 44),
(577, 15, 2000, 0, '', '', '', 44),
(578, 21, 0, 0, '', '', '', 44),
(579, 22, 100, 200, '', '', '', 44),
(580, 23, 0, 0, '', '', '', 44),
(581, 24, 2000, 0, '', '', '', 44),
(582, 25, 2000, 0, '', '', '', 44),
(583, 26, 2000, 0, '', '', '', 44),
(584, 1, 9500, 10000, '', '', '', 45),
(585, 2, 1800, 2000, '', '', '', 45),
(586, 3, 1200, 1400, '', '', '', 45),
(587, 4, 700, 900, '', '', '', 45),
(588, 7, 500, 2000, '', '', '', 45),
(589, 8, 9000, 14000, '', '', '', 45),
(590, 9, 3500, 3500, '', '', '', 45),
(591, 12, 1500, 1500, '', '', '', 45),
(592, 15, 1800, 2000, '', '', '', 45),
(593, 21, 1500, 1500, '', '', '', 45),
(594, 22, 200, 300, '', '', '', 45),
(595, 23, 2000, 2000, '', '', '', 45),
(596, 24, 2500, 2500, '', '', '', 45),
(597, 25, 2500, 3000, '', '', '', 45),
(598, 26, 1200, 1200, '', '', '', 45),
(599, 1, 10000, 10000, '', '', '', 46),
(600, 2, 2000, 2000, '', '', '', 46),
(601, 3, 1300, 1300, '', '', '', 46),
(602, 4, 1000, 1000, '', '', '', 46),
(603, 7, 1000, 2000, '', '', '', 46),
(604, 8, 9000, 10000, '', '', '', 46),
(605, 9, 3000, 3200, '', '', '', 46),
(606, 12, 2000, 2500, '', '', '', 46),
(607, 15, 1500, 2000, '', '', '', 46),
(608, 21, 2000, 2000, '', '', '', 46),
(609, 22, 500, 500, '', '', '', 46),
(610, 23, 2000, 2000, '', '', '', 46),
(611, 24, 2500, 2500, '', '', '', 46),
(612, 25, 4000, 4000, '', '', '', 46),
(613, 26, 1200, 1200, '', '', '', 46),
(614, 21, 0, 0, '', '', '', 19),
(615, 22, 0, 0, '', '', '', 19),
(616, 23, 0, 0, '', '', '', 19),
(617, 24, 0, 0, '', '', '', 19),
(618, 25, 0, 0, '', '', '', 19),
(619, 26, 0, 0, '', '', '', 19),
(620, 1, 10000, 10000, '', '', '', 47),
(621, 2, 2000, 2000, '', '', '', 47),
(622, 3, 0, 0, '', '', '', 47),
(623, 4, 0, 0, '', '', '', 47),
(624, 7, 0, 0, '', '', '', 47),
(625, 8, 0, 0, '', '', '', 47),
(626, 9, 0, 0, '', '', '', 47),
(627, 12, 0, 0, '', '', '', 47),
(628, 15, 0, 0, '', '', '', 47),
(629, 21, 0, 0, '', '', '', 47),
(630, 22, 0, 0, '', '', '', 47),
(631, 23, 0, 0, '', '', '', 47),
(632, 24, 0, 0, '', '', '', 47),
(633, 25, 0, 0, '', '', '', 47),
(634, 26, 0, 0, '', '', '', 47),
(635, 1, 0, 0, '', '', '', 48),
(636, 2, 2000, 2000, '', '', '', 48),
(637, 3, 1800, 1800, '', '', '', 48),
(638, 4, 800, 1000, '', '', '', 48),
(639, 7, 0, 0, '', '', '', 48),
(640, 8, 0, 0, '', '', '', 48),
(641, 9, 4000, 4000, '', '', '', 48),
(642, 12, 2000, 2000, '', '', '', 48),
(643, 15, 1800, 2000, '', '', '', 48),
(644, 21, 500, 1000, '', '', '', 48),
(645, 22, 0, 0, '', '', '', 48),
(646, 23, 0, 0, '', '', '', 48),
(647, 24, 3000, 3000, '', '', '', 48),
(648, 25, 3000, 3000, '', '', '', 48),
(649, 26, 2000, 2000, '', '', '', 48),
(650, 1, 8600, 0, '', '', '', 49),
(651, 2, 2000, 0, '', '', '', 49),
(652, 3, 1500, 0, '', '', '', 49),
(653, 4, 1000, 0, '', '', '', 49),
(654, 7, 1000, 0, '', '', '', 49),
(655, 8, 34000, 0, '', '', '', 49),
(656, 9, 4000, 0, '', '', '', 49),
(657, 12, 2000, 0, '', '', '', 49),
(658, 15, 2000, 0, '', '', '', 49),
(659, 21, 1500, 0, '', '', '', 49),
(660, 22, 500, 0, '', '', '', 49),
(661, 23, 2000, 3000, '', '', '', 49),
(662, 24, 3000, 0, '', '', '', 49),
(663, 25, 3000, 0, '', '', '', 49),
(664, 26, 2000, 0, '', '', '', 49),
(665, 1, 10000, 10000, '', '', '', 50),
(666, 2, 1900, 1900, '', '', '', 50),
(667, 3, 1300, 1400, '', '', '', 50),
(668, 4, 1000, 1000, '', '', '', 50),
(669, 7, 1000, 1000, '', '', '', 50),
(670, 8, 7000, 10000, '', '', '', 50),
(671, 9, 3500, 3500, '', '', '', 50),
(672, 12, 1500, 1500, '', '', '', 50),
(673, 15, 1400, 1400, '', '', '', 50),
(674, 21, 1500, 1500, '', '', '', 50),
(675, 22, 500, 500, '', '', '', 50),
(676, 23, 2000, 2000, '', '', '', 50),
(677, 24, 2600, 2600, '', '', '', 50),
(678, 25, 0, 0, '', '', '', 50),
(679, 26, 1500, 1500, '', '', '', 50),
(680, 1, 10000, 10000, '', '', '', 51),
(681, 2, 1900, 1900, '', '', '', 51),
(682, 3, 1300, 1400, '', '', '', 51),
(683, 4, 1000, 1000, '', '', '', 51),
(684, 7, 1000, 1000, '', '', '', 51),
(685, 8, 10000, 10000, '', '', '', 51),
(686, 9, 3500, 3500, '', '', '', 51),
(687, 12, 1500, 1500, '', '', '', 51),
(688, 15, 1400, 1400, '', '', '', 51),
(689, 21, 1500, 1500, '', '', '', 51),
(690, 22, 500, 500, '', '', '', 51),
(691, 23, 2000, 2000, '', '', '', 51),
(692, 24, 2600, 2600, '', '', '', 51),
(693, 25, 0, 0, '', '', '', 51),
(694, 26, 1500, 1500, '', '', '', 51),
(695, 1, 10000, 10000, '', '', '', 52),
(696, 2, 2000, 2000, '', '', '', 52),
(697, 3, 1500, 1500, '', '', '', 52),
(698, 4, 1000, 1000, '', '', '', 52),
(699, 7, 1000, 1000, '', '', '', 52),
(700, 8, 15000, 20000, '', '', '', 52),
(701, 9, 3500, 3500, '', '', '', 52),
(702, 12, 2000, 2000, '', '', '', 52),
(703, 15, 1600, 1600, '', '', '', 52),
(704, 21, 2000, 2000, '', '', '', 52),
(705, 22, 500, 500, '', '', '', 52),
(706, 23, 1500, 1500, '', '', '', 52),
(707, 24, 2500, 2500, '', '', '', 52),
(708, 25, 0, 0, '', '', '', 52),
(709, 26, 2000, 2000, '', '', '', 52),
(710, 1, 11000, 11000, '', '', '', 53),
(711, 2, 1800, 1800, '', '', '', 53),
(712, 3, 1400, 1400, '', '', '', 53),
(713, 4, 800, 800, '', '', '', 53),
(714, 7, 1000, 1000, '', '', '', 53),
(715, 8, 4000, 8000, '', '', '', 53),
(716, 9, 2600, 2600, '', '', '', 53),
(717, 12, 1600, 1600, '', '', '', 53),
(718, 15, 1500, 1500, '', '', '', 53),
(719, 21, 1600, 1600, '', '', '', 53),
(720, 22, 500, 500, '', '', '', 53),
(721, 23, 1200, 1200, '', '', '', 53),
(722, 24, 1600, 1600, '', '', '', 53),
(723, 25, 1400, 1400, '', '', '', 53),
(724, 26, 1400, 1400, '', '', '', 53),
(725, 1, 10000, 10000, '', '', '', 54),
(726, 2, 2000, 2000, '', '', '', 54),
(727, 3, 1300, 1400, '', '', '', 54),
(728, 4, 1000, 1000, '', '', '', 54),
(729, 7, 1000, 1000, '', '', '', 54),
(730, 8, 7000, 7000, '', '', '', 54),
(731, 9, 3000, 3000, '', '', '', 54),
(732, 12, 1500, 1500, '', '', '', 54),
(733, 15, 1800, 1800, '', '', '', 54),
(734, 21, 1600, 1600, '', '', '', 54),
(735, 22, 500, 500, '', '', '', 54),
(736, 23, 1500, 1500, '', '', '', 54),
(737, 24, 2000, 2000, '', '', '', 54),
(738, 25, 1600, 1600, '', '', '', 54),
(739, 26, 1300, 1300, '', '', '', 54),
(740, 1, 10000, 10000, '', '', '', 55),
(741, 2, 2000, 2000, '', '', '', 55),
(742, 3, 1300, 1300, '', '', '', 55),
(743, 4, 1000, 1000, '', '', '', 55),
(744, 7, 1000, 1000, '', '', '', 55),
(745, 8, 7000, 7000, '', '', '', 55),
(746, 9, 2500, 2500, '', '', '', 55),
(747, 12, 2000, 2000, '', '', '', 55),
(748, 15, 1600, 1600, '', '', '', 55),
(749, 21, 2000, 2000, '', '', '', 55),
(750, 22, 500, 500, '', '', '', 55),
(751, 23, 1500, 1500, '', '', '', 55),
(752, 24, 2500, 2500, '', '', '', 55),
(753, 25, 1600, 1600, '', '', '', 55),
(754, 26, 2000, 2000, '', '', '', 55),
(755, 1, 0, 0, '', '', '', 56),
(756, 2, 2000, 2000, '', '', '', 56),
(757, 3, 1500, 1800, '', '', '', 56),
(758, 4, 800, 1000, '', '', '', 56),
(759, 7, 0, 0, '', '', '', 56),
(760, 8, 0, 0, '', '', '', 56),
(761, 9, 4000, 4000, '', '', '', 56),
(762, 12, 2000, 2000, '', '', '', 56),
(763, 15, 1800, 2000, '', '', '', 56),
(764, 21, 500, 1000, '', '', '', 56),
(765, 22, 0, 0, '', '', '', 56),
(766, 23, 0, 0, '', '', '', 56),
(767, 24, 3000, 3000, '', '', '', 56),
(768, 25, 3000, 3000, '', '', '', 56),
(769, 26, 2000, 2000, '', '', '', 56),
(770, 1, 8000, 0, '', '', '', 57),
(771, 2, 2000, 0, '', '', '', 57),
(772, 3, 1600, 0, '', '', '', 57),
(773, 4, 1000, 0, '', '', '', 57),
(774, 7, 1000, 0, '', '', '', 57),
(775, 8, 34000, 0, '', '', '', 57),
(776, 9, 3500, 0, '', '', '', 57),
(777, 12, 1500, 0, '', '', '', 57),
(778, 15, 2000, 0, '', '', '', 57),
(779, 21, 1000, 0, '', '', '', 57),
(780, 22, 500, 0, '', '', '', 57),
(781, 23, 2000, 0, '', '', '', 57),
(782, 24, 3500, 0, '', '', '', 57),
(783, 25, 3000, 0, '', '', '', 57),
(784, 26, 2000, 0, '', '', '', 57),
(785, 30, 1500, 0, '', '', '', 36),
(786, 30, 2000, 0, '', '', '', 57),
(787, 30, 1300, 0, '', '', '', 54),
(788, 30, 1400, 0, '', '', '', 53),
(789, 30, 2000, 0, '', '', '', 55),
(790, 30, 2000, 0, '', '', '', 56),
(791, 30, 2000, 0, '', '', '', 44),
(792, 1, 10000, 10000, '', '', '', 58),
(793, 2, 2800, 2800, '', '', '', 58),
(794, 3, 1300, 1300, '', '', '', 58),
(795, 4, 1000, 1000, '', '', '', 58),
(796, 7, 1000, 1000, '', '', '', 58),
(797, 8, 10000, 10000, '', '', '', 58),
(798, 9, 3200, 3200, '', '', '', 58),
(799, 12, 2000, 2000, '', '', '', 58),
(800, 15, 1500, 1500, '', '', '', 58),
(801, 21, 2000, 2000, '', '', '', 58),
(802, 22, 500, 500, '', '', '', 58),
(803, 23, 1500, 1500, '', '', '', 58),
(804, 24, 2500, 2500, '', '', '', 58),
(805, 25, 0, 0, '', '', '', 58),
(806, 30, 2000, 2000, '', '', '', 58),
(807, 1, 10000, 10000, '', '', '', 59),
(808, 2, 2000, 2000, '', '', '', 59),
(809, 3, 1300, 1300, '', '', '', 59),
(810, 4, 900, 900, '', '', '', 59),
(811, 7, 1000, 1000, '', '', '', 59),
(812, 8, 17000, 17000, '', '', '', 59),
(813, 9, 3500, 3500, '', '', '', 59),
(814, 12, 2500, 2500, '', '', '', 59),
(815, 15, 2000, 2000, '', '', '', 59),
(816, 21, 2000, 2000, '', '', '', 59),
(817, 22, 1000, 1000, '', '', '', 59),
(818, 23, 2000, 2000, '', '', '', 59),
(819, 24, 2000, 2000, '', '', '', 59),
(820, 25, 4000, 4000, '', '', '', 59),
(821, 30, 1200, 1200, '', '', '', 59),
(822, 1, 10000, 10000, '', '', '', 60),
(823, 2, 2000, 2000, '', '', '', 60),
(824, 3, 1300, 1300, '', '', '', 60),
(825, 4, 900, 900, '', '', '', 60),
(826, 7, 1000, 1000, '', '', '', 60),
(827, 8, 17000, 17000, '', '', '', 60),
(828, 9, 3500, 3500, '', '', '', 60),
(829, 12, 2500, 2500, '', '', '', 60),
(830, 15, 2000, 2000, '', '', '', 60),
(831, 21, 2000, 2000, '', '', '', 60),
(832, 22, 1000, 1000, '', '', '', 60),
(833, 23, 2000, 2000, '', '', '', 60),
(834, 24, 2000, 2000, '', '', '', 60),
(835, 25, 4000, 4000, '', '', '', 60),
(836, 30, 1200, 1200, '', '', '', 60),
(837, 1, 0, 0, '', '', '', 61),
(838, 2, 2000, 2000, '', '', '', 61),
(839, 3, 1300, 1800, '', '', '', 61),
(840, 4, 800, 1000, '', '', '', 61),
(841, 7, 0, 0, '', '', '', 61),
(842, 8, 0, 0, '', '', '', 61),
(843, 9, 4000, 4000, '', '', '', 61),
(844, 12, 2000, 2000, '', '', '', 61),
(845, 15, 1800, 2000, '', '', '', 61),
(846, 21, 500, 1000, '', '', '', 61),
(847, 22, 0, 0, '', '', '', 61),
(848, 23, 0, 0, '', '', '', 61),
(849, 24, 3000, 3000, '', '', '', 61),
(850, 25, 3000, 3000, '', '', '', 61),
(851, 30, 2000, 2000, '', '', '', 61),
(852, 1, 9000, 0, '', '', '', 62),
(853, 2, 1800, 1900, '', '', '', 62),
(854, 3, 1600, 1700, '', '', '', 62),
(855, 4, 800, 900, '', '', '', 62),
(856, 7, 500, 0, '', '', '', 62),
(857, 8, 25000, 35000, '', '', '', 62),
(858, 9, 2800, 0, '', '', '', 62),
(859, 12, 1300, 1500, '', '', '', 62),
(860, 15, 1500, 0, '', '', '', 62),
(861, 21, 1300, 1500, '', '', '', 62),
(862, 22, 500, 1000, '', '', '', 62),
(863, 23, 1500, 1700, '', '', '', 62),
(864, 24, 2000, 0, '', '', '', 62),
(865, 25, 5500, 6000, '', '', '', 62),
(866, 30, 1300, 0, '', '', '', 62),
(867, 1, 0, 0, '', '', '', 63),
(868, 2, 2000, 2000, '', '', '', 63),
(869, 3, 1300, 1500, '', '', '', 63),
(870, 4, 1000, 1000, '', '', '', 63),
(871, 7, 0, 0, '', '', '', 63),
(872, 8, 0, 0, '', '', '', 63),
(873, 9, 4000, 4000, '', '', '', 63),
(874, 12, 2000, 2000, '', '', '', 63),
(875, 15, 1800, 2000, '', '', '', 63),
(876, 21, 500, 1000, '', '', '', 63),
(877, 22, 0, 0, '', '', '', 63),
(878, 23, 0, 0, '', '', '', 63),
(879, 24, 3000, 3000, '', '', '', 63),
(880, 25, 3000, 3000, '', '', '', 63),
(881, 30, 2000, 2000, '', '', '', 63),
(882, 31, 8500, 9000, '', '', '', 63),
(883, 1, 10000, 10000, '', '', '', 64),
(884, 2, 1900, 1900, '', '', '', 64),
(885, 3, 1300, 1300, '', '', '', 64),
(886, 4, 1200, 1200, '', '', '', 64),
(887, 7, 1000, 1000, '', '', '', 64),
(888, 8, 30000, 30000, '', '', '', 64),
(889, 9, 3200, 3200, '', '', '', 64),
(890, 12, 1500, 1500, '', '', '', 64),
(891, 15, 2000, 2000, '', '', '', 64),
(892, 21, 2000, 2000, '', '', '', 64),
(893, 22, 500, 1000, '', '', '', 64),
(894, 24, 2800, 2800, '', '', '', 64),
(895, 25, 6000, 6000, '', '', '', 64),
(896, 30, 2000, 2000, '', '', '', 64),
(897, 31, 15000, 15000, '', '', '', 64),
(898, 1, 10000, 10000, '', '', '', 65),
(899, 2, 1900, 1900, '', '', '', 65),
(900, 3, 1300, 1300, '', '', '', 65),
(901, 4, 1200, 1200, '', '', '', 65),
(902, 7, 1000, 1000, '', '', '', 65),
(903, 8, 30000, 30000, '', '', '', 65),
(904, 9, 3200, 3200, '', '', '', 65),
(905, 12, 1500, 1500, '', '', '', 65),
(906, 15, 1600, 1600, '', '', '', 65),
(907, 21, 2000, 2000, '', '', '', 65),
(908, 22, 500, 1000, '', '', '', 65),
(909, 24, 2800, 2800, '', '', '', 65),
(910, 25, 6000, 6000, '', '', '', 65),
(911, 30, 2000, 2000, '', '', '', 65),
(912, 31, 15000, 15000, '', '', '', 65),
(913, 1, 9500, 9500, '', '', '', 66),
(914, 2, 2800, 2800, '', '', '', 66),
(915, 3, 1300, 1300, '', '', '', 66),
(916, 4, 1000, 1000, '', '', '', 66),
(917, 7, 1000, 1000, '', '', '', 66),
(918, 8, 15000, 15000, '', '', '', 66),
(919, 9, 2800, 2800, '', '', '', 66),
(920, 12, 2000, 2000, '', '', '', 66),
(921, 15, 1600, 1600, '', '', '', 66),
(922, 21, 2000, 2000, '', '', '', 66),
(923, 22, 500, 500, '', '', '', 66),
(924, 24, 2000, 2000, '', '', '', 66),
(925, 25, 0, 0, '', '', '', 66),
(926, 30, 2000, 2000, '', '', '', 66),
(927, 31, 15000, 15000, '', '', '', 66),
(928, 1, 8000, 0, '', '', '', 67),
(929, 2, 2000, 0, '', '', '', 67),
(930, 3, 1500, 1600, '', '', '', 67),
(931, 4, 1200, 0, '', '', '', 67),
(932, 7, 1000, 0, '', '', '', 67),
(933, 8, 24000, 0, '', '', '', 67),
(934, 9, 3000, 0, '', '', '', 67),
(935, 12, 1500, 0, '', '', '', 67),
(936, 15, 2000, 0, '', '', '', 67),
(937, 21, 1500, 0, '', '', '', 67),
(938, 22, 500, 0, '', '', '', 67),
(939, 24, 4000, 0, '', '', '', 67),
(940, 25, 4000, 0, '', '', '', 67),
(941, 30, 3000, 0, '', '', '', 67),
(942, 31, 0, 0, '', '', '', 67),
(943, 1, 0, 0, '', '', '', 68),
(944, 2, 2000, 2000, '', '', '', 68),
(945, 3, 1300, 1500, '', '', '', 68),
(946, 4, 1000, 1000, '', '', '', 68),
(947, 7, 0, 0, '', '', '', 68),
(948, 8, 0, 0, '', '', '', 68),
(949, 9, 3000, 3000, '', '', '', 68),
(950, 12, 2000, 2000, '', '', '', 68),
(951, 15, 1800, 2000, '', '', '', 68),
(952, 21, 500, 1000, '', '', '', 68),
(953, 22, 0, 0, '', '', '', 68),
(954, 24, 0, 0, '', '', '', 68),
(955, 25, 4000, 4000, '', '', '', 68),
(956, 30, 2000, 2000, '', '', '', 68),
(957, 31, 8500, 9000, '', '', '', 68),
(958, 1, 10000, 10000, '', '', '', 69),
(959, 2, 2000, 2000, '', '', '', 69),
(960, 3, 1300, 1300, '', '', '', 69),
(961, 4, 1000, 1000, '', '', '', 69),
(962, 7, 1000, 1000, '', '', '', 69),
(963, 8, 15000, 15000, '', '', '', 69),
(964, 9, 3500, 3500, '', '', '', 69),
(965, 12, 2000, 2000, '', '', '', 69),
(966, 15, 1600, 1600, '', '', '', 69),
(967, 21, 2000, 2000, '', '', '', 69),
(968, 22, 500, 500, '', '', '', 69),
(969, 24, 2000, 2000, '', '', '', 69),
(970, 25, 6000, 6000, '', '', '', 69),
(971, 30, 1300, 1300, '', '', '', 69),
(972, 31, 15000, 15000, '', '', '', 69),
(973, 1, 10000, 10000, '', '', '', 70),
(974, 2, 2000, 2000, '', '', '', 70),
(975, 3, 1300, 1300, '', '', '', 70),
(976, 4, 1000, 1000, '', '', '', 70),
(977, 7, 1000, 1000, '', '', '', 70),
(978, 8, 15000, 15000, '', '', '', 70),
(979, 9, 3500, 3500, '', '', '', 70),
(980, 12, 2000, 2000, '', '', '', 70),
(981, 15, 1600, 1600, '', '', '', 70),
(982, 21, 2000, 2000, '', '', '', 70),
(983, 22, 500, 1000, '', '', '', 70),
(984, 24, 2000, 2000, '', '', '', 70),
(985, 25, 6000, 6000, '', '', '', 70),
(986, 30, 1300, 1300, '', '', '', 70),
(987, 31, 15000, 15000, '', '', '', 70),
(988, 1, 0, 0, '', '', '', 71),
(989, 2, 2000, 2000, '', '', '', 71),
(990, 3, 1300, 1500, '', '', '', 71),
(991, 4, 800, 1000, '', '', '', 71),
(992, 7, 0, 0, '', '', '', 71),
(993, 8, 0, 0, '', '', '', 71),
(994, 9, 3000, 3000, '', '', '', 71),
(995, 12, 2000, 2000, '', '', '', 71),
(996, 15, 1800, 2000, '', '', '', 71),
(997, 21, 500, 1000, '', '', '', 71),
(998, 22, 0, 0, '', '', '', 71),
(999, 24, 0, 0, '', '', '', 71),
(1000, 25, 4000, 4000, '', '', '', 71),
(1001, 30, 2000, 2000, '', '', '', 71),
(1002, 31, 8500, 9000, '', '', '', 71),
(1003, 1, 0, 0, '', '', '', 72),
(1004, 2, 2000, 2000, '', '', '', 72),
(1005, 3, 1300, 1500, '', '', '', 72),
(1006, 4, 800, 1000, '', '', '', 72),
(1007, 7, 0, 0, '', '', '', 72),
(1008, 8, 0, 0, '', '', '', 72),
(1009, 9, 4000, 4000, '', '', '', 72),
(1010, 12, 2000, 2000, '', '', '', 72),
(1011, 15, 1800, 2000, '', '', '', 72),
(1012, 21, 500, 1000, '', '', '', 72),
(1013, 22, 0, 0, '', '', '', 72),
(1014, 24, 3000, 3000, '', '', '', 72),
(1015, 25, 3000, 3000, '', '', '', 72),
(1016, 30, 2000, 2000, '', '', '', 72),
(1017, 31, 8500, 9000, '', '', '', 72),
(1018, 1, 10000, 10000, '', '', '', 73),
(1019, 2, 1800, 1800, '', '', '', 73),
(1020, 3, 1500, 1600, '', '', '', 73),
(1021, 4, 1000, 1000, '', '', '', 73),
(1022, 7, 1000, 1000, '', '', '', 73),
(1023, 8, 15000, 20000, '', '', '', 73),
(1024, 9, 2800, 3000, '', '', '', 73),
(1025, 12, 1500, 1500, '', '', '', 73),
(1026, 15, 1600, 1800, '', '', '', 73),
(1027, 21, 1500, 1800, '', '', '', 73),
(1028, 22, 500, 1000, '', '', '', 73),
(1029, 24, 2000, 2000, '', '', '', 73),
(1030, 25, 4500, 5500, '', '', '', 73),
(1031, 30, 1300, 1300, '', '', '', 73),
(1032, 31, 12000, 15000, '', '', '', 73),
(1033, 1, 8000, 8000, '', '', '', 74),
(1034, 2, 2000, 2000, '', '', '', 74),
(1035, 3, 1600, 1800, '', '', '', 74),
(1036, 4, 1000, 1000, '', '', '', 74),
(1037, 7, 1000, 2000, '', '', '', 74),
(1038, 8, 20000, 25000, '', '', '', 74),
(1039, 9, 3000, 3000, '', '', '', 74),
(1040, 12, 1500, 1500, '', '', '', 74),
(1041, 15, 1600, 1800, '', '', '', 74),
(1042, 21, 1500, 2000, '', '', '', 74),
(1043, 22, 500, 1000, '', '', '', 74),
(1044, 24, 4000, 4000, '', '', '', 74),
(1045, 25, 5000, 5000, '', '', '', 74),
(1046, 30, 1300, 1300, '', '', '', 74),
(1047, 31, 12000, 12000, '', '', '', 74),
(1048, 1, 10000, 10000, '', '', '', 75),
(1049, 2, 2000, 2000, '', '', '', 75),
(1050, 3, 1300, 1400, '', '', '', 75),
(1051, 4, 1000, 1000, '', '', '', 75),
(1052, 7, 500, 1000, '', '', '', 75),
(1053, 8, 10000, 20000, '', '', '', 75),
(1054, 9, 3000, 3500, '', '', '', 75),
(1055, 12, 1500, 2000, '', '', '', 75),
(1056, 15, 1400, 1800, '', '', '', 75),
(1057, 21, 1500, 1800, '', '', '', 75),
(1058, 22, 500, 500, '', '', '', 75),
(1059, 24, 2000, 2500, '', '', '', 75),
(1060, 25, 3000, 4000, '', '', '', 75),
(1061, 30, 1200, 1300, '', '', '', 75),
(1062, 31, 15000, 15000, '', '', '', 75),
(1063, 1, 10000, 10000, '', '', '', 76),
(1064, 2, 2000, 2000, '', '', '', 76),
(1065, 3, 1300, 1300, '', '', '', 76),
(1066, 4, 1300, 1500, '', '', '', 76),
(1067, 7, 1000, 1000, '', '', '', 76),
(1068, 8, 15000, 15000, '', '', '', 76),
(1069, 9, 3500, 3500, '', '', '', 76),
(1070, 12, 1500, 2000, '', '', '', 76),
(1071, 15, 1600, 2000, '', '', '', 76),
(1072, 21, 2000, 2000, '', '', '', 76),
(1073, 22, 500, 500, '', '', '', 76),
(1074, 24, 2000, 2000, '', '', '', 76),
(1075, 25, 4000, 4000, '', '', '', 76),
(1076, 30, 1300, 1500, '', '', '', 76),
(1077, 31, 15000, 15000, '', '', '', 76),
(1078, 1, 0, 0, '', '', '', 77),
(1079, 2, 2000, 2000, '', '', '', 77),
(1080, 3, 1300, 1500, '', '', '', 77),
(1081, 4, 800, 1000, '', '', '', 77),
(1082, 7, 0, 0, '', '', '', 77),
(1083, 8, 0, 0, '', '', '', 77),
(1084, 9, 4000, 4000, '', '', '', 77),
(1085, 12, 2000, 2000, '', '', '', 77),
(1086, 15, 1800, 2000, '', '', '', 77),
(1087, 21, 500, 1000, '', '', '', 77),
(1088, 22, 0, 0, '', '', '', 77),
(1089, 24, 3000, 3000, '', '', '', 77),
(1090, 25, 3000, 3000, '', '', '', 77),
(1091, 30, 2000, 2000, '', '', '', 77),
(1092, 31, 8500, 9000, '', '', '', 77),
(1093, 1, 10000, 10000, '', '', '', 78),
(1094, 2, 2000, 2000, '', '', '', 78),
(1095, 3, 1300, 1300, '', '', '', 78),
(1096, 4, 1200, 1500, '', '', '', 78),
(1097, 7, 1000, 1000, '', '', '', 78),
(1098, 8, 7000, 7000, '', '', '', 78),
(1099, 9, 3500, 3500, '', '', '', 78),
(1100, 12, 1500, 2000, '', '', '', 78),
(1101, 15, 1600, 2000, '', '', '', 78),
(1102, 21, 2000, 2000, '', '', '', 78),
(1103, 22, 1000, 1000, '', '', '', 78),
(1104, 24, 2000, 2000, '', '', '', 78),
(1105, 25, 4000, 4000, '', '', '', 78),
(1106, 30, 1300, 1300, '', '', '', 78),
(1107, 31, 15000, 15000, '', '', '', 78),
(1108, 1, 10000, 10000, '', '', '', 79),
(1109, 2, 2000, 2000, '', '', '', 79),
(1110, 3, 1300, 1300, '', '', '', 79),
(1111, 4, 1300, 1500, '', '', '', 79),
(1112, 7, 1000, 1000, '', '', '', 79),
(1113, 8, 7000, 7000, '', '', '', 79),
(1114, 9, 3500, 3500, '', '', '', 79),
(1115, 12, 1500, 2000, '', '', '', 79),
(1116, 15, 1600, 2000, '', '', '', 79),
(1117, 21, 2000, 2000, '', '', '', 79),
(1118, 22, 1000, 1000, '', '', '', 79),
(1119, 24, 2000, 2000, '', '', '', 79),
(1120, 25, 4000, 4000, '', '', '', 79),
(1121, 30, 2000, 2000, '', '', '', 79),
(1122, 31, 15000, 15000, '', '', '', 79),
(1123, 1, 10000, 10000, '', '', '', 80),
(1124, 2, 2000, 2000, '', '', '', 80),
(1125, 3, 1300, 1300, '', '', '', 80),
(1126, 4, 1000, 1000, '', '', '', 80),
(1127, 7, 1000, 1000, '', '', '', 80),
(1128, 8, 7000, 10000, '', '', '', 80),
(1129, 9, 3500, 3500, '', '', '', 80),
(1130, 12, 1500, 2000, '', '', '', 80),
(1131, 15, 1600, 2000, '', '', '', 80),
(1132, 21, 2000, 2000, '', '', '', 80),
(1133, 22, 1000, 1000, '', '', '', 80),
(1134, 24, 2000, 2000, '', '', '', 80),
(1135, 25, 4000, 4000, '', '', '', 80),
(1136, 30, 1300, 1300, '', '', '', 80),
(1137, 31, 15000, 15000, '', '', '', 80),
(1138, 1, 9000, 10000, '', '', '', 81),
(1139, 2, 2000, 2000, '', '', '', 81),
(1140, 3, 1300, 1300, '', '', '', 81),
(1141, 4, 1000, 1000, '', '', '', 81),
(1142, 7, 1000, 1000, '', '', '', 81),
(1143, 8, 35000, 40000, '', '', '', 81),
(1144, 9, 3500, 3500, '', '', '', 81),
(1145, 12, 1500, 2000, '', '', '', 81),
(1146, 15, 1600, 2000, '', '', '', 81),
(1147, 21, 2000, 2000, '', '', '', 81),
(1148, 22, 1000, 1000, '', '', '', 81),
(1149, 24, 2000, 2000, '', '', '', 81),
(1150, 25, 4000, 4000, '', '', '', 81),
(1151, 30, 2000, 2000, '', '', '', 81),
(1152, 31, 15000, 15000, '', '', '', 81),
(1153, 1, 10000, 10000, '', '', '', 82),
(1154, 2, 2000, 2000, '', '', '', 82),
(1155, 3, 1300, 1500, '', '', '', 82),
(1156, 4, 1300, 1500, '', '', '', 82),
(1157, 7, 1000, 1000, '', '', '', 82),
(1158, 8, 7000, 15000, '', '', '', 82),
(1159, 9, 3000, 3500, '', '', '', 82),
(1160, 12, 1600, 2000, '', '', '', 82),
(1161, 15, 1600, 2000, '', '', '', 82),
(1162, 21, 2000, 2000, '', '', '', 82),
(1163, 22, 1000, 1000, '', '', '', 82),
(1164, 24, 2000, 2500, '', '', '', 82),
(1165, 25, 4000, 4000, '', '', '', 82),
(1166, 30, 1300, 1500, '', '', '', 82),
(1167, 31, 15000, 15000, '', '', '', 82),
(1168, 1, 10000, 10000, '', '', '', 83),
(1169, 2, 2000, 2000, '', '', '', 83),
(1170, 3, 1300, 1500, '', '', '', 83),
(1171, 4, 1000, 1500, '', '', '', 83),
(1172, 7, 1000, 1000, '', '', '', 83),
(1173, 8, 7000, 15000, '', '', '', 83),
(1174, 9, 3500, 3500, '', '', '', 83),
(1175, 12, 1500, 2000, '', '', '', 83),
(1176, 15, 1600, 2000, '', '', '', 83),
(1177, 21, 2000, 2000, '', '', '', 83),
(1178, 22, 1000, 1000, '', '', '', 83),
(1179, 24, 2000, 2500, '', '', '', 83),
(1180, 25, 4000, 4000, '', '', '', 83),
(1181, 30, 1300, 1500, '', '', '', 83),
(1182, 31, 15000, 15000, '', '', '', 83),
(1183, 1, 10000, 10000, '', '', '', 84),
(1184, 2, 2000, 2000, '', '', '', 84),
(1185, 3, 1300, 1500, '', '', '', 84),
(1186, 4, 1000, 1000, '', '', '', 84),
(1187, 7, 1000, 1000, '', '', '', 84),
(1188, 8, 7000, 15000, '', '', '', 84),
(1189, 9, 3500, 3500, '', '', '', 84),
(1190, 12, 1500, 2000, '', '', '', 84),
(1191, 15, 1800, 2000, '', '', '', 84),
(1192, 21, 2000, 2000, '', '', '', 84),
(1193, 22, 1000, 1000, '', '', '', 84),
(1194, 24, 2500, 2500, '', '', '', 84),
(1195, 25, 4000, 4000, '', '', '', 84),
(1196, 30, 1300, 1500, '', '', '', 84),
(1197, 31, 15000, 15000, '', '', '', 84),
(1198, 1, 10000, 10000, '', '', '', 85),
(1199, 2, 2000, 2000, '', '', '', 85),
(1200, 3, 1300, 1500, '', '', '', 85),
(1201, 4, 1000, 1500, '', '', '', 85),
(1202, 7, 1000, 1000, '', '', '', 85),
(1203, 8, 7000, 15000, '', '', '', 85),
(1204, 9, 3000, 3500, '', '', '', 85),
(1205, 12, 2000, 2000, '', '', '', 85),
(1206, 15, 1800, 2000, '', '', '', 85),
(1207, 21, 2000, 2000, '', '', '', 85),
(1208, 22, 500, 1000, '', '', '', 85),
(1209, 24, 2500, 2600, '', '', '', 85),
(1210, 25, 4000, 4000, '', '', '', 85),
(1211, 30, 1300, 1500, '', '', '', 85),
(1212, 31, 15000, 15000, '', '', '', 85),
(1213, 1, 10000, 10000, '', '', '', 86),
(1214, 2, 2000, 2000, '', '', '', 86),
(1215, 3, 1300, 1400, '', '', '', 86),
(1216, 4, 1000, 1500, '', '', '', 86),
(1217, 7, 1000, 1000, '', '', '', 86),
(1218, 8, 9000, 10000, '', '', '', 86),
(1219, 9, 3200, 3500, '', '', '', 86),
(1220, 12, 1500, 2000, '', '', '', 86),
(1221, 15, 1600, 2000, '', '', '', 86),
(1222, 21, 2000, 2000, '', '', '', 86),
(1223, 22, 1000, 1000, '', '', '', 86),
(1224, 24, 2000, 2600, '', '', '', 86),
(1225, 25, 4000, 4000, '', '', '', 86),
(1226, 30, 1300, 1500, '', '', '', 86),
(1227, 31, 15000, 15000, '', '', '', 86),
(1228, 1, 10000, 10000, '', '', '', 87),
(1229, 2, 2000, 2000, '', '', '', 87),
(1230, 3, 1400, 1500, '', '', '', 87),
(1231, 4, 1300, 1500, '', '', '', 87),
(1232, 7, 1000, 1000, '', '', '', 87),
(1233, 8, 9000, 15000, '', '', '', 87),
(1234, 9, 3200, 3500, '', '', '', 87),
(1235, 12, 2000, 2000, '', '', '', 87),
(1236, 15, 1800, 2000, '', '', '', 87),
(1237, 21, 2000, 2000, '', '', '', 87),
(1238, 22, 1000, 1000, '', '', '', 87),
(1239, 24, 2500, 2500, '', '', '', 87),
(1240, 25, 4000, 4000, '', '', '', 87),
(1241, 30, 1300, 1500, '', '', '', 87),
(1242, 31, 15000, 15000, '', '', '', 87),
(1243, 1, 10000, 10000, '', '', '', 88),
(1244, 2, 2000, 2000, '', '', '', 88),
(1245, 3, 1300, 1500, '', '', '', 88),
(1246, 4, 1300, 1500, '', '', '', 88),
(1247, 7, 1000, 1000, '', '', '', 88),
(1248, 8, 7000, 10000, '', '', '', 88),
(1249, 9, 3200, 3500, '', '', '', 88),
(1250, 12, 1500, 2000, '', '', '', 88),
(1251, 15, 1800, 2000, '', '', '', 88),
(1252, 21, 2000, 2000, '', '', '', 88),
(1253, 22, 1000, 1000, '', '', '', 88),
(1254, 24, 2500, 2500, '', '', '', 88),
(1255, 25, 4000, 4000, '', '', '', 88),
(1256, 30, 1300, 1500, '', '', '', 88),
(1257, 31, 15000, 15000, '', '', '', 88),
(1258, 1, 10000, 10000, '', '', '', 89),
(1259, 2, 2000, 2000, '', '', '', 89),
(1260, 3, 1300, 1300, '', '', '', 89),
(1261, 4, 1000, 1500, '', '', '', 89),
(1262, 7, 1000, 1000, '', '', '', 89),
(1263, 8, 7000, 15000, '', '', '', 89),
(1264, 9, 3500, 3500, '', '', '', 89),
(1265, 12, 1500, 2000, '', '', '', 89),
(1266, 15, 1800, 2000, '', '', '', 89),
(1267, 21, 2000, 2000, '', '', '', 89),
(1268, 22, 1000, 1000, '', '', '', 89),
(1269, 24, 2500, 2500, '', '', '', 89),
(1270, 25, 4000, 4000, '', '', '', 89),
(1271, 30, 1300, 1500, '', '', '', 89),
(1272, 31, 15000, 15000, '', '', '', 89),
(1273, 1, 10000, 10000, '', '', '', 90),
(1274, 2, 2800, 2800, '', '', '', 90),
(1275, 3, 1500, 1500, '', '', '', 90),
(1276, 4, 1000, 1000, '', '', '', 90),
(1277, 7, 2000, 2000, '', '', '', 90),
(1278, 8, 10000, 10000, '', '', '', 90),
(1279, 9, 2500, 2500, '', '', '', 90),
(1280, 12, 2000, 2000, '', '', '', 90),
(1281, 15, 1600, 1600, '', '', '', 90),
(1282, 21, 2000, 2000, '', '', '', 90),
(1283, 22, 500, 500, '', '', '', 90),
(1284, 24, 2000, 2000, '', '', '', 90),
(1285, 25, 4000, 4000, '', '', '', 90),
(1286, 30, 2000, 2000, '', '', '', 90),
(1287, 31, 15000, 15000, '', '', '', 90),
(1288, 1, 0, 0, '', '', '', 91),
(1289, 2, 2000, 2000, '', '', '', 91),
(1290, 3, 1600, 1800, '', '', '', 91),
(1291, 4, 800, 1000, '', '', '', 91),
(1292, 7, 0, 0, '', '', '', 91),
(1293, 8, 0, 0, '', '', '', 91),
(1294, 9, 4000, 4000, '', '', '', 91),
(1295, 12, 2000, 2000, '', '', '', 91),
(1296, 15, 1800, 2000, '', '', '', 91),
(1297, 21, 2000, 2000, '', '', '', 91),
(1298, 22, 0, 0, '', '', '', 91),
(1299, 24, 3000, 3000, '', '', '', 91),
(1300, 25, 3000, 3000, '', '', '', 91),
(1301, 30, 2000, 2000, '', '', '', 91),
(1302, 31, 8500, 9000, '', '', '', 91),
(1303, 1, 0, 0, '', '', '', 92),
(1304, 2, 2000, 2000, '', '', '', 92),
(1305, 3, 1500, 1800, '', '', '', 92),
(1306, 4, 800, 1000, '', '', '', 92),
(1307, 7, 0, 0, '', '', '', 92),
(1308, 8, 0, 0, '', '', '', 92),
(1309, 9, 4000, 4000, '', '', '', 92),
(1310, 12, 2000, 2000, '', '', '', 92),
(1311, 15, 1800, 2000, '', '', '', 92),
(1312, 21, 500, 1000, '', '', '', 92),
(1313, 22, 0, 0, '', '', '', 92),
(1314, 24, 3000, 3000, '', '', '', 92),
(1315, 25, 3000, 3000, '', '', '', 92),
(1316, 30, 2000, 2000, '', '', '', 92),
(1317, 31, 8500, 9000, '', '', '', 92),
(1318, 1, 10000, 10000, '', '', '', 93),
(1319, 2, 2000, 2800, '', '', '', 93),
(1320, 3, 1400, 1500, '', '', '', 93),
(1321, 4, 1000, 1000, '', '', '', 93),
(1322, 7, 1000, 2000, '', '', '', 93),
(1323, 8, 23000, 30000, '', '', '', 93),
(1324, 9, 2000, 2000, '', '', '', 93),
(1325, 12, 1500, 1500, '', '', '', 93),
(1326, 15, 1800, 1800, '', '', '', 93),
(1327, 21, 1300, 1300, '', '', '', 93),
(1328, 22, 500, 1000, '', '', '', 93),
(1329, 24, 2000, 2000, '', '', '', 93),
(1330, 25, 0, 0, '', '', '', 93),
(1331, 30, 1300, 1300, '', '', '', 93),
(1332, 31, 15000, 15000, '', '', '', 93),
(1333, 1, 10000, 11000, '', '', '', 94),
(1334, 2, 2000, 2000, '', '', '', 94),
(1335, 3, 1500, 2000, '', '', '', 94),
(1336, 4, 600, 1000, '', '', '', 94),
(1337, 7, 1000, 1000, '', '', '', 94),
(1338, 8, 30000, 30000, '', '', '', 94),
(1339, 9, 2500, 3000, '', '', '', 94),
(1340, 12, 1000, 1500, '', '', '', 94),
(1341, 15, 1800, 2000, '', '', '', 94),
(1342, 21, 1000, 1500, '', '', '', 94),
(1343, 22, 1000, 1000, '', '', '', 94),
(1344, 24, 2500, 3000, '', '', '', 94),
(1345, 25, 2000, 2000, '', '', '', 94),
(1346, 30, 1800, 2000, '', '', '', 94),
(1347, 31, 15000, 15000, '', '', '', 94),
(1348, 1, 9000, 10000, '', '', '', 95),
(1349, 2, 1800, 2000, '', '', '', 95),
(1350, 3, 1300, 2000, '', '', '', 95),
(1351, 4, 600, 1000, '', '', '', 95),
(1352, 7, 1000, 1000, '', '', '', 95),
(1353, 8, 30000, 40000, '', '', '', 95),
(1354, 9, 2800, 3000, '', '', '', 95),
(1355, 12, 1000, 1500, '', '', '', 95),
(1356, 15, 1800, 2000, '', '', '', 95),
(1357, 21, 1000, 1500, '', '', '', 95),
(1358, 22, 1000, 1000, '', '', '', 95),
(1359, 24, 2500, 3000, '', '', '', 95),
(1360, 25, 2000, 2000, '', '', '', 95),
(1361, 30, 2000, 2300, '', '', '', 95),
(1362, 31, 15000, 15000, '', '', '', 95),
(1363, 1, 9000, 10000, '', '', '', 96),
(1364, 2, 1800, 2000, '', '', '', 96),
(1365, 3, 1300, 2000, '', '', '', 96),
(1366, 4, 600, 1000, '', '', '', 96),
(1367, 7, 1000, 1000, '', '', '', 96),
(1368, 8, 30000, 40000, '', '', '', 96),
(1369, 9, 2800, 3000, '', '', '', 96),
(1370, 12, 1000, 1500, '', '', '', 96),
(1371, 15, 1800, 2000, '', '', '', 96),
(1372, 21, 1000, 1500, '', '', '', 96),
(1373, 22, 1000, 1000, '', '', '', 96),
(1374, 24, 2500, 3000, '', '', '', 96),
(1375, 25, 2000, 2000, '', '', '', 96),
(1376, 30, 1800, 2300, '', '', '', 96),
(1377, 31, 15000, 15000, '', '', '', 96),
(1378, 1, 10000, 10000, '', '', '', 97),
(1379, 2, 2000, 2000, '', '', '', 97),
(1380, 3, 1300, 1800, '', '', '', 97),
(1381, 4, 1000, 1000, '', '', '', 97),
(1382, 7, 1000, 2000, '', '', '', 97),
(1383, 8, 28000, 35000, '', '', '', 97),
(1384, 9, 3000, 3000, '', '', '', 97),
(1385, 12, 1400, 1500, '', '', '', 97),
(1386, 15, 2000, 2000, '', '', '', 97),
(1387, 21, 1300, 1500, '', '', '', 97),
(1388, 22, 500, 1000, '', '', '', 97),
(1389, 24, 3000, 3000, '', '', '', 97),
(1390, 25, 2500, 2500, '', '', '', 97),
(1391, 30, 1400, 1400, '', '', '', 97),
(1392, 31, 15000, 15000, '', '', '', 97),
(1393, 1, 10000, 10000, '', '', '', 98),
(1394, 2, 2000, 2000, '', '', '', 98),
(1395, 3, 1300, 1500, '', '', '', 98),
(1396, 4, 1000, 1000, '', '', '', 98),
(1397, 7, 1000, 1000, '', '', '', 98),
(1398, 8, 35000, 35000, '', '', '', 98),
(1399, 9, 2000, 2000, '', '', '', 98),
(1400, 12, 1500, 1500, '', '', '', 98),
(1401, 15, 2000, 2000, '', '', '', 98),
(1402, 21, 1000, 1500, '', '', '', 98),
(1403, 22, 1000, 1000, '', '', '', 98),
(1404, 24, 3000, 3000, '', '', '', 98),
(1405, 25, 3000, 3000, '', '', '', 98),
(1406, 30, 1400, 2000, '', '', '', 98),
(1407, 31, 15000, 15000, '', '', '', 98),
(1408, 1, 9000, 9500, '', '', '', 99),
(1409, 2, 1800, 2200, '', '', '', 99),
(1410, 3, 1500, 1800, '', '', '', 99),
(1411, 4, 600, 800, '', '', '', 99),
(1412, 7, 1000, 1200, '', '', '', 99),
(1413, 8, 30000, 33500, '', '', '', 99),
(1414, 9, 3000, 3500, '', '', '', 99);
INSERT INTO `product_prices_actual` (`ID`, `ProductID`, `minimum_value`, `maximum_value`, `steps`, `challenges`, `feedback`, `PriceID`) VALUES
(1415, 12, 1000, 1500, '', '', '', 99),
(1416, 15, 1800, 2200, '', '', '', 99),
(1417, 21, 1300, 1700, '', '', '', 99),
(1418, 22, 600, 800, '', '', '', 99),
(1419, 24, 3500, 4000, '', '', '', 99),
(1420, 25, 4000, 4500, '', '', '', 99),
(1421, 30, 1500, 1700, '', '', '', 99),
(1422, 31, 14500, 15500, '', '', '', 99),
(1423, 1, 10000, 10000, '', '', '', 100),
(1424, 2, 2000, 2000, '', '', '', 100),
(1425, 3, 1300, 2000, '', '', '', 100),
(1426, 4, 1000, 1000, '', '', '', 100),
(1427, 7, 1000, 1000, '', '', '', 100),
(1428, 8, 35000, 40000, '', '', '', 100),
(1429, 9, 2800, 3000, '', '', '', 100),
(1430, 12, 1000, 1500, '', '', '', 100),
(1431, 15, 1800, 2000, '', '', '', 100),
(1432, 21, 1000, 1500, '', '', '', 100),
(1433, 22, 1000, 1000, '', '', '', 100),
(1434, 24, 2500, 3000, '', '', '', 100),
(1435, 25, 2000, 2500, '', '', '', 100),
(1436, 30, 1800, 2000, '', '', '', 100),
(1437, 31, 15000, 15000, '', '', '', 100),
(1438, 30, 0, 0, '', '', '', 47),
(1439, 31, 0, 0, '', '', '', 47),
(1440, 1, 10000, 10000, '', '', '', 101),
(1441, 2, 2000, 2000, '', '', '', 101),
(1442, 3, 1300, 2000, '', '', '', 101),
(1443, 4, 1000, 1000, '', '', '', 101),
(1444, 7, 1000, 1000, '', '', '', 101),
(1445, 8, 35000, 40000, '', '', '', 101),
(1446, 9, 2800, 3000, '', '', '', 101),
(1447, 12, 1000, 1500, '', '', '', 101),
(1448, 15, 1800, 2000, '', '', '', 101),
(1449, 21, 1000, 1500, '', '', '', 101),
(1450, 22, 1000, 1000, '', '', '', 101),
(1451, 24, 3000, 3000, '', '', '', 101),
(1452, 25, 2000, 2000, '', '', '', 101),
(1453, 30, 1800, 2000, '', '', '', 101),
(1454, 31, 12000, 15000, '', '', '', 101);

-- --------------------------------------------------------

--
-- Table structure for table `product_prices_dates`
--

CREATE TABLE `product_prices_dates` (
  `ID` int(11) NOT NULL,
  `Startdate` date NOT NULL,
  `EndDate` date NOT NULL,
  `Description` text NOT NULL,
  `MarketID` int(11) NOT NULL,
  `DataEntryDate` date NOT NULL
) ENGINE=InnoDB DEFAULT CHARSET=latin1;

--
-- Dumping data for table `product_prices_dates`
--

INSERT INTO `product_prices_dates` (`ID`, `Startdate`, `EndDate`, `Description`, `MarketID`, `DataEntryDate`) VALUES
(17, '2018-06-24', '2018-06-30', '', 1, '2018-06-27'),
(18, '2018-06-24', '2018-06-30', '', 2, '2018-06-27'),
(19, '2018-06-24', '2018-06-30', '', 19, '2018-06-27'),
(20, '2018-06-24', '2018-06-30', '', 12, '2018-06-27'),
(21, '2018-06-24', '2018-06-30', '', 13, '2018-06-27'),
(22, '2018-06-27', '2018-06-27', '', 1, '2018-06-27'),
(23, '2018-06-27', '2018-06-27', '', 9, '2018-06-27'),
(24, '2018-06-27', '2018-06-27', '', 10, '2018-06-27'),
(26, '2018-06-24', '2018-06-30', '', 3, '2018-06-28'),
(27, '2018-06-24', '2018-06-30', '', 16, '2018-06-28'),
(28, '2018-06-24', '2018-06-30', '', 14, '2018-06-28'),
(29, '2018-07-02', '2018-07-02', '', 12, '2018-07-02'),
(30, '2018-07-02', '2018-07-08', '', 12, '2018-07-02'),
(31, '2018-07-01', '2018-07-03', '', 3, '2018-07-03'),
(32, '2018-07-01', '2018-07-03', '', 4, '2018-07-03'),
(33, '2018-07-01', '2018-07-03', '', 2, '2018-07-03'),
(34, '2018-07-01', '2018-07-03', '', 16, '2018-07-03'),
(35, '2018-07-01', '2018-07-03', '', 9, '2018-07-03'),
(36, '2018-07-01', '2018-07-03', '', 1, '2018-07-03'),
(37, '2018-07-03', '2018-07-06', '', 20, '2018-07-03'),
(38, '2018-07-07', '2018-07-10', '', 4, '2018-07-05'),
(39, '2018-07-05', '2018-07-07', '', 3, '2018-07-05'),
(40, '2018-07-05', '2018-07-07', '', 4, '2018-07-05'),
(41, '2018-07-06', '2018-07-08', '', 10, '2018-07-06'),
(42, '2018-07-09', '2018-07-15', '', 12, '2018-07-09'),
(43, '2018-07-09', '2018-07-11', '', 2, '2018-07-10'),
(44, '2018-07-09', '2018-07-11', '', 16, '2018-07-10'),
(45, '2018-07-10', '2018-07-15', '', 3, '2018-07-10'),
(46, '0000-00-00', '2018-07-15', '', 4, '2018-07-10'),
(47, '2018-07-16', '2018-07-22', '', 20, '2018-07-16'),
(48, '2018-07-16', '2018-07-22', '', 12, '2018-07-16'),
(49, '2018-07-17', '2018-07-19', '', 2, '2018-07-16'),
(50, '2018-07-17', '2018-07-24', '', 3, '2018-07-17'),
(51, '2018-07-17', '2018-07-24', '', 4, '2018-07-17'),
(52, '2018-07-17', '2018-07-24', '', 10, '2018-07-17'),
(53, '2018-07-24', '2018-07-31', '', 4, '2018-07-24'),
(54, '2018-07-24', '2018-07-31', '', 3, '2018-07-24'),
(55, '2018-07-24', '2018-07-31', '', 10, '2018-07-24'),
(56, '2018-07-23', '2018-07-29', '', 12, '2018-07-24'),
(57, '2018-07-23', '2018-07-25', '', 2, '2018-07-25'),
(58, '2018-07-31', '2018-08-07', '', 10, '2018-07-31'),
(59, '2018-07-31', '2018-08-07', '', 4, '2018-07-31'),
(60, '2018-07-31', '2018-08-07', '', 3, '2018-07-31'),
(61, '2018-07-30', '2018-08-05', '', 12, '2018-08-01'),
(62, '2018-07-30', '2018-08-04', '', 1, '2018-08-01'),
(63, '2018-08-06', '2018-08-12', '', 12, '2018-08-07'),
(64, '2018-08-07', '2018-08-14', '', 3, '2018-08-08'),
(65, '2018-08-07', '2018-08-14', '', 4, '2018-08-08'),
(66, '2018-08-07', '2018-08-14', '', 10, '2018-08-08'),
(67, '2018-08-05', '2018-08-12', '', 2, '2018-08-10'),
(68, '2018-08-13', '2018-08-19', '', 12, '2018-08-14'),
(69, '2018-08-14', '2018-08-21', '', 3, '2018-08-14'),
(70, '2018-08-14', '2018-08-21', '', 4, '2018-08-14'),
(71, '2018-08-20', '2018-08-26', '', 12, '2018-08-20'),
(72, '2018-08-27', '2018-08-02', '', 12, '2018-08-27'),
(73, '2018-08-12', '2018-08-19', '', 1, '2018-08-31'),
(74, '2018-08-12', '2018-08-19', '', 2, '2018-08-31'),
(75, '2018-08-21', '2018-08-27', '', 3, '2018-08-31'),
(76, '2018-08-21', '2018-08-28', '', 4, '2018-08-31'),
(77, '2018-09-03', '2018-09-09', '', 12, '2018-09-04'),
(78, '2018-09-19', '2018-09-26', '', 1, '2018-09-04'),
(79, '2018-09-26', '2018-10-03', '', 1, '2018-09-04'),
(80, '2018-08-19', '2018-08-26', '', 1, '2018-09-04'),
(81, '2018-08-26', '2018-09-02', '', 1, '2018-09-04'),
(82, '2018-08-19', '2018-08-26', '', 2, '2018-09-04'),
(83, '2018-08-26', '2018-09-02', '', 2, '2018-09-04'),
(84, '2018-08-27', '2018-10-04', '', 3, '2018-09-04'),
(85, '2018-08-28', '2018-09-04', '', 4, '2018-09-04'),
(86, '2018-08-14', '2018-08-21', '', 10, '2018-09-04'),
(87, '2018-08-21', '2018-08-28', '', 10, '2018-09-04'),
(88, '2018-08-28', '2018-09-04', '', 10, '2018-09-04'),
(89, '2018-07-21', '2018-07-28', '', 16, '2018-09-04'),
(90, '2018-09-11', '2018-09-18', '', 10, '2018-09-11'),
(91, '2018-09-17', '2018-09-23', '', 12, '2018-09-20'),
(92, '2018-10-01', '2018-10-07', '', 12, '2018-10-01'),
(93, '2018-10-12', '2018-10-19', '', 10, '2018-10-12'),
(94, '2018-11-14', '2018-11-21', '', 2, '2018-11-17'),
(95, '2018-11-14', '2018-11-21', '', 3, '2018-11-17'),
(96, '2018-11-14', '2018-11-21', '', 4, '2018-11-17'),
(97, '2018-11-14', '2018-11-21', '', 10, '2018-11-20'),
(98, '2018-11-14', '2018-11-21', '', 12, '2018-11-20'),
(99, '2018-12-30', '2019-01-06', '', 4, '2018-12-30'),
(100, '2018-11-14', '2018-11-21', '', 22, '2019-02-04'),
(101, '2018-11-14', '2018-11-21', '', 20, '2019-02-04');

-- --------------------------------------------------------

--
-- Table structure for table `publishing_staffs`
--

CREATE TABLE `publishing_staffs` (
  `ID` int(11) NOT NULL,
  `FirstName` varchar(100) NOT NULL,
  `Middlename` varchar(100) NOT NULL,
  `LastName` varchar(100) NOT NULL,
  `Gender` enum('Male','Female') NOT NULL,
  `Phone` varchar(100) NOT NULL,
  `Email` varchar(100) NOT NULL,
  `Address` varchar(1000) NOT NULL,
  `username` varchar(100) NOT NULL,
  `Passwordi` varchar(100) NOT NULL,
  `Title` varchar(100) NOT NULL,
  `MarketID` int(11) NOT NULL,
  `zoneID` int(11) NOT NULL,
  `access_level` int(11) NOT NULL,
  `ImageName` varchar(100) NOT NULL,
  `StaffSide` enum('Evangelists','Publishing') NOT NULL,
  `SubABCID` int(11) NOT NULL
) ENGINE=InnoDB DEFAULT CHARSET=latin1;

--
-- Dumping data for table `publishing_staffs`
--

INSERT INTO `publishing_staffs` (`ID`, `FirstName`, `Middlename`, `LastName`, `Gender`, `Phone`, `Email`, `Address`, `username`, `Passwordi`, `Title`, `MarketID`, `zoneID`, `access_level`, `ImageName`, `StaffSide`, `SubABCID`) VALUES
(1, 'One', 'Market', 'Admin', 'Male', '', '', '', 'onemaktz', '3a5237f68fd4e00b1e790193ce2e8c5c', 'System Administrator', 0, 0, 21, 'no_image_user.png', 'Evangelists', 0),
(2, 'Jane', '', 'Doe', 'Female', '', '', '', 'jane', '81dc9bdb52d04dc20036dbd8313ed055', 'Mkurugenzi wa soko', 1, 0, 20, 'no_image_user.png', 'Evangelists', 0),
(5, 'Phillip', '', 'Ndikumwami', 'Male', '', '', '', 'pndikumwani', '81dc9bdb52d04dc20036dbd8313ed055', 'Mkurungenzi wa soko', 2, 0, 20, 'no_image_user.png', 'Evangelists', 0),
(8, 'Stan', '', 'Stanslaus', '', '0739500258', 'stan_stanslaus@gmail.com', 'Mwanza Tanzania', 'stan', '81dc9bdb52d04dc20036dbd8313ed055', 'Mkuu wa Soko', 1, 0, 20, 'no_image_user.png', 'Evangelists', 0),
(9, 'Malo', 'sinai', 'malon', '', '0765432612', '', '', 'malo', '81dc9bdb52d04dc20036dbd8313ed055', 'STAFF', 6, 0, 20, 'no_image_user.png', 'Evangelists', 0),
(10, 'erick', 'festus', 'modestus', '', '0755649795', 'erickmodestus@gmail.com', '', 'erimodfes', '3c6b209627e2fbbb47cbb8fd574dbc86', 'STAFF', 12, 0, 20, 'no_image_user.png', 'Evangelists', 0);

-- --------------------------------------------------------

--
-- Table structure for table `users_requests`
--

CREATE TABLE `users_requests` (
  `ID` int(11) NOT NULL,
  `UserID` int(11) NOT NULL,
  `ReqDate` date NOT NULL,
  `ReqTime` time NOT NULL,
  `OrderStatus` enum('Pending','Completed','Delivered') NOT NULL,
  `marketID` int(11) NOT NULL,
  `pickupName` varchar(200) NOT NULL,
  `pickupphone` varchar(20) NOT NULL,
  `pickupstreet` varchar(200) NOT NULL,
  `pickupnearbypopulararea` varchar(200) NOT NULL
) ENGINE=InnoDB DEFAULT CHARSET=latin1;

--
-- Dumping data for table `users_requests`
--

INSERT INTO `users_requests` (`ID`, `UserID`, `ReqDate`, `ReqTime`, `OrderStatus`, `marketID`, `pickupName`, `pickupphone`, `pickupstreet`, `pickupnearbypopulararea`) VALUES
(3, 3, '2018-12-29', '16:04:13', 'Pending', 1, 'jamal', '0787508786', 'kitangiri', 'victoria prince hotel'),
(4, 1, '2018-12-30', '05:41:01', 'Pending', 4, 'Stan', '0753912631', 'Kirumba', 'Kanisa Katoliki'),
(5, 1, '2018-12-31', '17:20:06', 'Pending', 4, 'Stan', '0753912631', 'Kirumba', 'Roman Catholic'),
(6, 1, '2019-01-01', '05:23:03', 'Pending', 1, 'Stan', '0753912631', 'Kirumba', 'Roman Catholic'),
(7, 4, '2019-01-01', '13:13:13', 'Pending', 10, 'asinta', '0765488360', 'kiseke b', 'kiseke'),
(8, 1, '2019-01-06', '17:23:44', 'Pending', 4, 'Hassan', '0753912631', 'Kilimahewa', 'Big bite'),
(9, 1, '2019-01-10', '06:22:50', 'Pending', 4, 'Hassan', '0753912631', 'Kilimahewa', 'Msuka'),
(10, 1, '2019-01-21', '06:22:46', 'Pending', 1, 'Hassan', '0753912631', 'Kilimahewa', 'Msuka'),
(11, 1, '2019-01-29', '12:06:27', 'Pending', 10, 'Hassan', '0753912631', 'Kilimahewa', 'Msuka'),
(12, 8, '2019-02-16', '06:16:24', 'Pending', 3, 'Masanja', '0753912631', 'Ilemela', 'Kanisani'),
(13, 1, '2019-02-18', '07:59:35', 'Pending', 22, 'Omari', '0755443222', 'Kirumba', 'Police'),
(14, 1, '2019-03-05', '14:16:28', 'Pending', 4, 'Hassan', '0757149725', 'Kilimahewa', 'Msuka'),
(15, 1, '2019-03-06', '12:41:12', 'Pending', 1, 'musa', '0782345621', 'Nyamagana', 'Postal ');

-- --------------------------------------------------------

--
-- Table structure for table `users_requests_items`
--

CREATE TABLE `users_requests_items` (
  `ID` int(11) NOT NULL,
  `ReqID` int(11) NOT NULL,
  `ProductID` int(11) NOT NULL,
  `Quantity` int(11) NOT NULL,
  `AmountPerUnit` decimal(12,2) NOT NULL
) ENGINE=InnoDB DEFAULT CHARSET=latin1;

--
-- Dumping data for table `users_requests_items`
--

INSERT INTO `users_requests_items` (`ID`, `ReqID`, `ProductID`, `Quantity`, `AmountPerUnit`) VALUES
(9, 3, 1, 2, '10000.00'),
(10, 4, 1, 2, '9500.00'),
(11, 4, 2, 3, '2200.00'),
(12, 4, 3, 4, '1800.00'),
(13, 5, 1, 1, '9500.00'),
(14, 5, 2, 2, '2200.00'),
(15, 5, 3, 4, '1800.00'),
(16, 6, 2, 2, '2000.00'),
(17, 6, 3, 4, '1300.00'),
(18, 6, 4, 1, '1000.00'),
(19, 7, 1, 100, '10000.00'),
(20, 7, 2, 19, '2000.00'),
(21, 7, 3, 10, '1800.00'),
(22, 8, 1, 3, '9500.00'),
(23, 8, 2, 1, '2200.00'),
(24, 8, 3, 3, '1800.00'),
(25, 8, 4, 5, '800.00'),
(26, 8, 7, 1, '1200.00'),
(27, 8, 8, 1, '33500.00'),
(28, 8, 9, 2, '3500.00'),
(29, 9, 1, 3, '9500.00'),
(30, 9, 2, 2, '2200.00'),
(31, 9, 3, 1, '1800.00'),
(32, 9, 4, 5, '800.00'),
(33, 9, 7, 1, '1200.00'),
(34, 9, 8, 1, '33500.00'),
(35, 9, 9, 2, '3500.00'),
(36, 10, 1, 1, '9500.00'),
(37, 10, 2, 2, '2000.00'),
(38, 11, 1, 1, '10000.00'),
(39, 11, 2, 2, '2000.00'),
(40, 11, 3, 4, '1800.00'),
(41, 11, 4, 1, '1000.00'),
(42, 12, 1, 1, '10000.00'),
(43, 12, 2, 3, '2000.00'),
(44, 12, 3, 4, '2000.00'),
(45, 12, 4, 6, '1000.00'),
(46, 12, 7, 1, '1000.00'),
(47, 12, 8, 2, '40000.00'),
(48, 12, 9, 3, '3000.00'),
(49, 13, 1, 1, '10000.00'),
(50, 13, 2, 5, '2000.00'),
(51, 13, 3, 3, '2000.00'),
(52, 13, 4, 4, '1000.00'),
(53, 13, 7, 2, '1000.00'),
(54, 14, 1, 1, '9500.00'),
(55, 14, 2, 2, '2200.00'),
(56, 14, 3, 3, '1800.00'),
(57, 15, 1, 1, '10000.00'),
(58, 15, 2, 2, '2000.00'),
(59, 15, 3, 3, '1300.00');

-- --------------------------------------------------------

--
-- Table structure for table `users_table`
--

CREATE TABLE `users_table` (
  `ID` int(11) NOT NULL,
  `full_name` varchar(200) NOT NULL,
  `email` varchar(200) NOT NULL,
  `phone_number` varchar(200) NOT NULL,
  `Address` varchar(200) NOT NULL,
  `Password` varchar(200) NOT NULL,
  `ImageName` varchar(200) NOT NULL
) ENGINE=InnoDB DEFAULT CHARSET=latin1;

--
-- Dumping data for table `users_table`
--

INSERT INTO `users_table` (`ID`, `full_name`, `email`, `phone_number`, `Address`, `Password`, `ImageName`) VALUES
(1, 'Stan', 'stanstanslaus@gmail.com', '0753912631', 'Kirumba', 'b6b08d6bcc8412aab95f5513e738182e', 'no_image_user.png'),
(2, 'Bomani Barnabas Nkonya', 'bomaninkonya@gmail.com', '+25571730310', 'Kuzenza Street, Nyegezi , Mwanza', '8203c40e27bc23175fafd7069c97d264', 'no_image_user.png'),
(3, 'jamal', 'jkhatritz@gmail.com', '0787508786', 'mwanza', '5f4dcc3b5aa765d61d8327deb882cf99', 'no_image_user.png'),
(4, 'asimta tungaraza', 'sintaxtu@gmail.com', '0765488360', 'kiseke', '526389c162e140e3f4faab7561225b5b', 'no_image_user.png'),
(5, 'dula', 'dulakidayi@gmail.com', '0625678987', 'kigoto', '25d55ad283aa400af464c76d713c07ad', 'no_image_user.png'),
(6, 'wilson', 'wilsonmunuo1@gmail.com', '0765017231', 'Kona ya Bwiru', '75e44060dbf5d533e746bc1ecc73f603', 'no_image_user.png'),
(7, 'Shalom', 'shalomyusuph09@gmail.com', '+255784996242', 'Kirumba', 'b9c93fbdfd2a30504e05d3b0b32307da', 'no_image_user.png'),
(8, 'Masanja', 'stanstanslaus@yahoo.com', '0753912631', 'Ilemela', 'f52412c4ff1dacd2111f4951f3db1260', 'no_image_user.png'),
(9, 'Cornelius faustine', 'corneliusshija@gmail', '0757149725', 'Isamilo', '15a00ab33070d69d3ec3f03a9222034b', 'no_image_user.png');

--
-- Indexes for dumped tables
--

--
-- Indexes for table `markets`
--
ALTER TABLE `markets`
  ADD PRIMARY KEY (`ID`);

--
-- Indexes for table `products`
--
ALTER TABLE `products`
  ADD PRIMARY KEY (`ProductID`);

--
-- Indexes for table `product_prices_actual`
--
ALTER TABLE `product_prices_actual`
  ADD PRIMARY KEY (`ID`);

--
-- Indexes for table `product_prices_dates`
--
ALTER TABLE `product_prices_dates`
  ADD PRIMARY KEY (`ID`);

--
-- Indexes for table `publishing_staffs`
--
ALTER TABLE `publishing_staffs`
  ADD PRIMARY KEY (`ID`);

--
-- Indexes for table `users_requests`
--
ALTER TABLE `users_requests`
  ADD PRIMARY KEY (`ID`);

--
-- Indexes for table `users_requests_items`
--
ALTER TABLE `users_requests_items`
  ADD PRIMARY KEY (`ID`);

--
-- Indexes for table `users_table`
--
ALTER TABLE `users_table`
  ADD PRIMARY KEY (`ID`);

--
-- AUTO_INCREMENT for dumped tables
--

--
-- AUTO_INCREMENT for table `markets`
--
ALTER TABLE `markets`
  MODIFY `ID` int(11) NOT NULL AUTO_INCREMENT, AUTO_INCREMENT=23;

--
-- AUTO_INCREMENT for table `products`
--
ALTER TABLE `products`
  MODIFY `ProductID` int(11) NOT NULL AUTO_INCREMENT, AUTO_INCREMENT=32;

--
-- AUTO_INCREMENT for table `product_prices_actual`
--
ALTER TABLE `product_prices_actual`
  MODIFY `ID` int(11) NOT NULL AUTO_INCREMENT, AUTO_INCREMENT=1455;

--
-- AUTO_INCREMENT for table `product_prices_dates`
--
ALTER TABLE `product_prices_dates`
  MODIFY `ID` int(11) NOT NULL AUTO_INCREMENT, AUTO_INCREMENT=102;

--
-- AUTO_INCREMENT for table `publishing_staffs`
--
ALTER TABLE `publishing_staffs`
  MODIFY `ID` int(11) NOT NULL AUTO_INCREMENT, AUTO_INCREMENT=11;

--
-- AUTO_INCREMENT for table `users_requests`
--
ALTER TABLE `users_requests`
  MODIFY `ID` int(11) NOT NULL AUTO_INCREMENT, AUTO_INCREMENT=16;

--
-- AUTO_INCREMENT for table `users_requests_items`
--
ALTER TABLE `users_requests_items`
  MODIFY `ID` int(11) NOT NULL AUTO_INCREMENT, AUTO_INCREMENT=60;

--
-- AUTO_INCREMENT for table `users_table`
--
ALTER TABLE `users_table`
  MODIFY `ID` int(11) NOT NULL AUTO_INCREMENT, AUTO_INCREMENT=10;
COMMIT;

/*!40101 SET CHARACTER_SET_CLIENT=@OLD_CHARACTER_SET_CLIENT */;
/*!40101 SET CHARACTER_SET_RESULTS=@OLD_CHARACTER_SET_RESULTS */;
/*!40101 SET COLLATION_CONNECTION=@OLD_COLLATION_CONNECTION */;
